0.5142784112693657,0.629204754194771,-0.15659270167453174,-0.05229054069862661,-1.0
0.6455318725948226,0.5929964931642114,-0.1371420284034495,-0.17104185676516695,-1.0
0.5489839678504992,-0.1915545519890221,0.10733290940125172,0.01245291406377951,-1.0
0.49084790048423055,0.6914057111325701,-0.22374689023505917,-0.4204861842259189,-1.0
0.04675309921756294,-0.3234711139830539,0.2550174593080982,-0.11567347511756862,-1.0
0.620326323113844,0.7022239002112813,-0.22092439506007566,-0.36996092744671394,-1.0
0.5099615171610742,0.21875249580704417,0.04065731784865625,0.06600336913034323,-1.0
0.2970988767555133,-0.4944420646041922,0.47210415341878914,-0.0704429002597038,-1.0
0.4548643160420897,0.41811937762740414,-0.04202784564409786,-0.07165368147680214,-1.0
0.21805995370699083,0.6663133208936259,-0.12672222408157346,-0.08602395826021852,-1.0
0.17391119126396956,0.6373220262685961,-0.12347021877126632,-0.09434383846891745,-1.0
0.5665781514037006,-0.19651349369423005,0.1335720740319288,0.10094639807210874,-1.0
0.2697064796012553,0.5563380792995041,0.008586855874248357,-0.3639128705458459,-1.0
-0.22391048124849122,0.7872592226877029,0.1420284034494684,-0.34348751784001313,-1.0
0.48337853765212085,0.6335610719445877,-0.1668674766000647,-0.06696380524554878,-1.0
0.6640774768889962,-0.2460956502167268,0.19465176210716556,0.172796612152266,-1.0
0.37941807131395466,0.22250618960146953,0.020726931958900904,0.06857467069090568,-1.0
0.11410658752360801,0.20672905881755016,0.24230507491326125,0.0703890877611661,-1.0
0.20560628221695235,-0.35427028047425785,0.46536586454254386,-0.2466718139491355,-1.0
0.7444228284176596,0.8006331181796401,-0.24281267780046187,-0.4797852179406191,-1.0
0.8217293136990387,0.5728703051600584,-0.1461226948693062,-0.05698041692987998,-1.0
0.046747419093736246,-0.3234711139830539,0.2550174593080982,-0.11567347511756862,-1.0
0.5589525851663566,0.7378295372864497,-0.2132768834298337,-0.4699468894036171,-1.0
0.1328921770494597,0.645134356099934,-0.09388422191728862,-0.19418123113637958,-1.0
0.6296133255704974,0.7178485598739572,-0.2610250231489229,-0.43848997449755506,-1.0
0.10021158461254456,-0.3991911770044507,0.4650311813202138,-0.3359186729369926,-1.0
0.1623379389670695,-0.2716381932898186,0.31112710153173356,-0.07437589200065511,-1.0
-0.05426506297837293,0.6092237767822786,0.12061983332775528,-0.4375775016962636,-1.0
0.932008917794408,0.7128896181687492,-0.24606468311076898,-0.37736599518027186,-1.0
0.6944803396714049,-0.24383762551640517,0.19078059283554782,0.1275707166421001,-1.0
-0.03523238806605984,-0.01292156449891455,0.2737039392215268,0.01804941391170071,-1.0
0.2113574075914855,0.26336845009474996,0.18452201657797562,0.057229592194848036,-1.0
0.6101731017736187,0.5530345383392264,-0.1331704541651327,-0.11249619802999462,-1.0
-0.137048607659647,0.6832956995883279,0.09652821937369613,-0.568879998128261,-1.0
-0.22950540321779017,0.05874349275036121,0.45532536787264194,0.07114597225146815,-1.0
0.346359750642564,0.4677015341499009,-0.04503887903432734,-0.08088135513909361,-1.0
0.38171852146376795,0.43704757825035756,-0.02601660028782757,-0.08103226410238412,-1.0
0.5153150338677384,0.05904407867509857,0.09079398016444103,0.09081093095622471,-1.0
0.6486559406995073,0.23182144905649418,-0.11744592076932518,0.03468917432909853,-1.0
0.4942417744706835,0.7043294537903594,-0.20940571415821593,-0.4021782363538523,-1.0
0.592309112338649,0.6332633902316835,-0.16859109519506457,-0.069838094569617,-1.0
-0.029281038326635523,0.6694716512622432,-0.2066334214665819,-0.7966940408507054,-1.0
-0.0009786711350307437,0.6747282746803552,-0.02300556689759809,-0.22973257527900612,-1.0
0.13694920549267975,0.4239786250009076,0.12960607784731754,0.007763622750988512,-1.0
0.4055750415359055,0.5022543944355302,-0.044274127871303144,0.05662361666783651,-1.0
-0.1117422359807444,0.6945640415011871,-0.2112241596662093,-0.8777754381039283,-1.0
0.29597705229974014,0.4810681691122551,0.026987739437955308,-0.2589317049203341,-1.0
-0.1117422359807444,0.6945640415011871,-0.2112241596662093,-0.8777754381039283,-1.0
0.555260504679002,0.44035111921063524,-0.1368519696107634,-0.07982265272221052,-1.0
0.23216086110677214,0.23858100209829305,0.16038577819427247,0.01018389836456798,-1.0
0.6140071853566408,-0.3545679621871619,0.191639613106195,-0.0675697807725603,-1.0
0.747220289402309,0.28921593541032886,-0.08686145230206277,0.1181886245057439,-1.0
0.44662813649337557,0.4229258482113686,-0.02869295045572699,-0.17482043003205353,-1.0
0.36196589085642067,0.4465153088266258,-0.06473331325234,-0.14472052595868137,-1.0
0.6995640504963009,0.39903870588320717,-0.13819070250008367,-0.0592499005638614,-1.0
0.6853779412391191,0.05829261386325518,0.09131831721275813,0.1389181348120072,-1.0
0.36402493574359923,0.4920388293122101,-0.03457221906132512,0.04512762920848834,-1.0
0.8246119765410888,0.363730750520943,-0.1248591541439361,0.05133010458342108,-1.0
0.44556311327586945,-0.29837872374410995,0.2549226323951047,0.11577057158232143,-1.0
-0.11117280356711777,0.8248179422207057,-0.020998025368988253,-0.8246765400903114,-1.0
0.4101049402876983,0.032451663024301,0.25607171145843793,-0.028541681289628227,-1.0
0.0705258374632567,0.4012894700539458,0.09920568515233666,-0.05516483002269484,-1.0
0.6047343832095541,0.8201639427579849,-0.22838225286433056,-0.5083760323810861,-1.0
0.2547393533179024,-0.08112915756075248,0.08620324196481365,-0.030508177160103886,-1.0
0.7671149231053237,0.22535957772759946,-0.06434842754666042,0.18309117708991368,-1.0
0.3602192527797106,0.18870116386289218,0.11679328848578155,0.023496174633256126,-1.0
0.653981056787038,-0.29597548845212773,0.1538817675736582,0.03741255468987623,-1.0
0.34414450235015126,0.692160806209205,-0.17174269553867266,-0.3245829531363328,-1.0
0.14213089845358629,0.5652031859203811,-0.015740709751553488,-0.31127020893287477,-1.0
0.01750330157197427,0.6523440619758806,-0.05216038020014057,-0.2846447205259587,-1.0
0.5613240368640037,-0.17097095062113832,0.13271305376128162,0.05647270770454599,-1.0
0.587509407705088,0.03575665609049524,0.06096812700112677,0.21379939636414683,-1.0
0.6699848056687636,0.7271638193289819,-0.22025502861541552,-0.45134648230036734,-1.0
0.5914996946933444,-0.2504519679665435,0.2032084964914042,0.1272665590416696,-1.0
0.6257934422970421,0.7919204826800067,-0.2553354083693118,-0.5178985049484103,-1.0
0.3275443404666222,0.25676136817419465,0.03210225688052925,0.049060620949439644,-1.0
0.5386887434146065,0.5797750687935178,-0.14211207425505093,-0.21899347230996002,-1.0
0.006983002229448603,0.4460651559924781,0.0994455414616732,-0.08436045015324865,-1.0
0.035266468809020034,0.554987620797061,0.05513906087887815,-0.10220982195082005,-1.0
0.1607049033668934,0.28785821637830267,0.1895366868592211,0.09867691443812733,-1.0
0.3980772780846623,0.6597062389730707,-0.18780191215681025,-0.11960412718467046,-1.0
0.634498232061459,0.16631695115841752,0.05341878911610161,0.09716431529444795,-1.0
0.7126425356072763,0.624245812489563,-0.16385532759909413,-0.14985611005825789,-1.0
0.2650345777537951,0.5646005619649898,-0.013303100282249519,-0.34666947427528605,-1.0
0.4608000454409907,0.4813731113547422,-0.03538438368084608,0.10170211272548607,-1.0
0.5722156743016998,0.19426272952349147,0.04500652632283544,0.08385274092791466,-1.0
-0.1606481021286264,0.13821870167209996,0.42024498811874567,0.11955733370768115,-1.0
0.12439897189758738,0.4947397463170964,0.04696609658957797,-0.020069722280714068,-1.0
0.5850101532213402,-0.2029753650231248,0.1155047580798108,0.07886104677008027,-1.0
0.5399951718947473,0.059194371637467234,0.11736782801744815,0.11984979293886433,-1.0
0.21024978344527911,0.5545374679629133,-0.155493825094548,-0.12097283638660772,-1.0
0.5769869783161273,0.2602173802557159,0.04046599060655757,0.046186331625371425,-1.0
0.6115221311824598,0.5958571418199243,-0.15520376630186197,-0.16770782152967878,-1.0
0.34770878005140515,-0.45868395640778037,0.44419157267646175,0.02410098032334293,-1.0
0.46460572840487924,0.12950606617246663,0.11803719446210828,0.07175077794155495,-1.0
-0.09155223583874128,-0.3344345136534259,0.46560014279817485,-0.31701410823331233,-1.0
0.41951974553045257,0.07812329831337898,0.036021397414014306,0.10457640204955429,-1.0
0.30695389159483677,-0.4995534774306438,0.45470620391133126,-0.009481294307573523,-1.0
0.5424518254497949,0.7934234123036934,-0.22374689023505917,-0.5882407992325871,-1.0
-0.3893582880106786,0.8279762725893227,0.14164909579749435,-0.652687115416111,-1.0
0.4781102228028571,-0.3765020220574889,0.20602541361268226,-0.13367726538920477,-1.0
0.6474915153150339,-0.17578468173468573,0.14733313252339997,0.1891392339907817,-1.0
0.7260476278382869,-0.03620898708351787,0.03506531900889142,0.13089305350834093,-1.0
0.4742477386007015,-0.33503713760881715,0.2221348327141694,-0.027784796799326175,-1.0
0.5967964101617416,0.016525691383929546,0.053609558552829756,0.11380407571184578,-1.0
0.5032305704264354,0.08999426418162941,0.11139373249885651,0.25206476217215323,-1.0
0.3285383621362946,0.7743427405594965,-0.196838359159722,-0.5576846587585691,-1.0
-0.26389855298845516,0.5725653629175712,-0.09283554782065442,-0.21506282024285817,-1.0
0.44106161514321013,0.6927561696350132,-0.2372680924171938,-0.46828572097049675,-1.0
0.41412362789508816,0.7863589170194074,-0.1865133817508395,-0.48220678037481574,-1.0
0.5669047585237359,-0.32437141965134936,0.20808371543001217,-0.012809714325822981,-1.0
0.21556069922324309,0.4134581176351003,0.005288998962482011,-0.0031279099693502727,-1.0
0.45939421479388254,0.7004232888746905,-0.17891049455024152,-0.30354928522963903,-1.0
0.5990826600019881,0.49489221743834,-0.07142139964523579,0.0889965138859643,-1.0
0.2530353161698925,0.5022543944355302,-0.07108671642290572,-0.184354600968625,-1.0
0.3597080416353077,0.21153552940151454,-0.04585160145921885,-0.014322313469502352,-1.0
0.5533718635066245,0.5384626554660897,-0.10177158985686716,0.016385905804730823,-1.0
0.2993425256670596,0.4933892878146532,-0.009527315728995839,0.05738050115813856,-1.0
0.41136876783913895,0.051381315753171036,0.12773742985597467,0.21832666526286237,-1.0
0.13202027804206132,-0.27568956879714807,0.2589834554927095,-0.03459207786434571,-1.0
0.49192712401130345,0.7759908807748437,-0.19004986780012717,-0.4806859923726633,-1.0
0.5781372033910339,0.7552620688152994,-0.23272755670091594,-0.5566318055263098,-1.0
-0.20692691100665997,0.6622619453862965,0.09719758581835626,-0.599436138602279,-1.0
-0.21406966671873448,0.13957642070412618,0.39864118611734,0.10427458412297327,-1.0
-0.1302423992843044,0.7252107368711475,0.0658433459397347,-0.611391871973047,-1.0
0.4251572684284518,0.522837995803414,-0.0677900866829546,0.03756346365316675,-1.0
-0.33271325314891864,0.9403547494754267,0.18566551758760336,-0.6951872908916497,-1.0
0.5370273071952969,-0.20943723635201952,0.12582973548869328,-0.018406214173744183,-1.0
0.6629982533619233,0.09509841647849795,0.003090464874995817,0.22332186893147096,-1.0
0.4922253305122052,0.08067900472660476,0.09719758581835626,0.15661776748321285,-1.0
0.4643075219039775,-0.3152086313175683,0.20574093287370174,-0.03489506562785148,-1.0
0.7285042813933345,0.6295096964372581,-0.16127826678715265,-0.17648159846517394,-1.0
0.28598003436474917,0.44591268487123453,0.021156999899595037,0.06660817482043004,-1.0
0.061615143210121986,0.40219703625182424,0.11340183183283689,-0.047298846540792215,-1.0
-0.14769741980375173,0.6823953939200326,0.04797014625656816,-0.6239442221754288,-1.0
0.5908038795245737,0.8146023770973855,-0.20156854870198693,-0.4775157343066377,-1.0
0.7722128342397865,0.6873470750956575,-0.27565067996474674,-0.45859947123371003,-1.0
0.7145595773987874,0.5955521995774372,-0.14645737809163628,-0.12097283638660772,-1.0
0.7443518268698257,0.7651726916961323,-0.22967078327030135,-0.5006551086778503,-1.0
-0.029281038326635523,0.6694716512622432,-0.2066334214665819,-0.7966940408507054,-1.0
0.2969426733502791,0.06850890503953358,0.253868380244765,0.14435787651201423,-1.0
0.24590676076738474,-0.0252412310953961,0.23374834052902263,-0.11597529304414965,-1.0
0.5926641200778178,0.2420370141798143,-0.07945379698115734,0.07069207552467187,-1.0
0.5571065449226793,-0.23572761397216316,0.19288351908252174,0.09792119978475,-1.0
0.5464421124380512,0.7372269133310584,-0.21509532893782704,-0.49399873657612137,-1.0
0.07377060819925874,-0.23693286188294577,0.17233396923145577,-0.11521723871692287,-1.0
0.5479047443234263,0.05694070325489541,0.06154266653279338,0.19896586415853632,-1.0
0.24844861617983274,-0.012771271536545876,0.2890937893950043,0.1511663274139585,-1.0
0.5151446301529373,0.07136374527158011,0.03841103562145097,0.0741711705388269,-1.0
0.3889606793428097,0.5374098786765507,0.003998572018251392,-0.29599213869586577,-1.0
0.6453614688800215,0.597352810914028,-0.134799245847139,-0.1857116118013149,-1.0
-0.24991124806520784,0.8655349921223253,0.14924640494438682,-0.3888654921503943,-1.0
0.719827892248051,0.01547436670030712,0.011311177304015083,0.14149177604641913,-1.0
0.4912029082233993,0.8067900472660476,-0.23449579972555978,-0.5958096441356074,-1.0
0.2748895925931185,0.5928512825725508,-0.0013066590805136274,-0.2642193678201259,-1.0
0.35301969582936915,-0.07226622909875047,0.2978903800885795,-0.018103226410238413,-1.0
0.3440166995640505,-0.33218374948268725,0.33172685386614903,0.025159682740226015,-1.0
0.5606140213856663,-0.2738889574605572,0.16081528832959605,0.0023177978989728835,-1.0
0.3214098067337868,-0.32572187815379255,0.2039224873657084,-0.07165368147680214,-1.0
0.19264139958251092,0.307541512077891,0.11904124412909849,0.03756346365316675,-1.0
0.7164340182615982,0.28289927467309467,-0.0797884802034874,0.10094639807210874,-1.0
0.504096789310007,0.6256035315215892,-0.18292669321820232,-0.14048571629114903,-1.0
0.024631856974482044,0.5713673755363716,0.014991577138904694,-0.4431693221964858,-1.0
0.34092103207849933,0.6795347452643196,-0.18722737262514366,-0.39219952738588243,-1.0
0.6936993226452338,0.11613217068052943,-1.6221537980967682e-05,0.19186495402540885,-1.0
0.5953763792050667,-0.23723054359584989,0.14413132969644232,0.02546267050373178,-1.0
0.1585606566223144,0.6280067668135714,-0.05368988252618897,-0.21188086380758522,-1.0
0.1453401684156715,0.5010491465247475,-0.11190691343976261,-0.3173182658337428,-1.0
-0.25603158148847643,0.8626816039961955,0.11411582270714102,-0.6168316136730541,-1.0
0.01666974340040613,0.45567809716040686,-0.08643194216673919,-0.2894878453943521,-1.0
0.08102696638786726,-0.001800611336590891,0.06928500507602887,-0.06575653353922464,-1.0
0.5758509535507874,-0.17848559873957207,0.12721309280765758,0.12076226574015583,-1.0
-0.24072364777552152,0.07737546376632713,0.49250867387351205,0.1110818651879928,-1.0
-0.15894406498061658,0.7788442689009737,0.11679328848578155,-0.6610046559509605,-1.0
0.2669516195453061,0.1793859044078675,0.13906645693184735,0.04406892679160525,-1.0
0.5087970917766008,-0.27568956879714807,0.19183484498588751,-0.014624131396083389,-1.0
0.02709561068431292,0.6628645693416878,-0.20778250052991512,-0.6811258510563628,-1.0
0.5194757245707956,0.412862754209292,-0.09570266742528198,-0.027784796799326175,-1.0
-0.018664886894534303,-0.1290559133383189,0.46474112252752775,0.04119463746753703,-1.0
0.33974240638445924,0.7113866885450625,-0.1693552885527182,-0.33017477363655506,-1.0
0.2332542849434118,0.21889770639870473,0.012745294911699411,-0.017196602793570576,-1.0
-0.016732224762499824,-0.11463650158642572,0.44791771255173646,-0.00327916988371821,-1.0
-0.09879439371778305,0.6256035315215892,0.10274217120162434,-0.5064107063475352,-1.0
0.41778730776330925,0.538012502631942,-0.054502604951080474,-0.10342060316791839,-1.0
-0.24934323568253788,0.8673356034589164,0.17261844997043632,-0.5729627289955781,-1.0
-0.17802928103832666,0.7899674002221723,0.1077122170532258,-0.5058023911466741,-1.0
0.4627170872325017,-0.3239212668172017,0.21209991409797296,-0.01764932968344213,-1.0
0.26006446940543304,0.4622924396105452,-0.0020236063232816808,0.005797009896820383,-1.0
0.6481731301742378,-0.26337571062433296,0.1600008924885929,0.03242086053204184,-1.0
0.38859147129407423,-0.3653861512658733,0.37154300121601574,-0.06772068973585083,-1.0
0.13202027804206132,-0.27568956879714807,0.2589834554927095,-0.03459207786434571,-1.0
0.563226878345948,0.7382796901205975,-0.22943092696096481,-0.5387800940548888,-1.0
0.20701211286406046,-0.006160559351199076,0.23307897408436248,0.06917947638099249,-1.0
0.6854773434060863,0.22280387131437368,0.03826767964121959,0.09444210477059498,-1.0
-0.33242924695758375,0.8987373939055114,0.039271171502839236,-0.8871575302402845,-1.0
-0.26389855298845516,0.5725653629175712,-0.09283554782065442,-0.21506282024285817,-1.0
0.5886596327799947,0.5268966318403264,-0.10683646262146212,-0.10069722280714069,-1.0
0.27203533037020206,0.4415563671214178,0.013222776308890304,-0.2353243957792284,-1.0
0.5710654492267931,-0.1591072452824709,0.13748786773319055,0.13346669474275286,-1.0
0.8358586217179534,0.4265343314141333,-0.15711703872284882,-0.03519688355443252,-1.0
-0.2967438690163446,0.7860612353065033,0.13165880161094193,-0.4000608315200861,-1.0
0.5683815907186778,-0.26096521480276774,0.19842810446578982,0.031362158115158745,-1.0
-0.11174081594978771,0.6945640415011871,-0.2112241596662093,-0.8777754381039283,-1.0
0.5929623265787195,0.7450392431623963,-0.21504512645447751,-0.503684986312908,-1.0
0.11827721844336207,0.5474729726786272,0.03626013811260975,-0.10826138836246228,-1.0
0.6827082830405703,0.16210584400026137,-0.014689246628066538,0.1817224678879764,-1.0
0.7535110265403786,0.38251374055223586,-0.16122806430380313,-0.061669123324208604,-1.0
0.3635989264565968,0.6729276633437643,-0.20032464272566017,-0.15862988699375308,-1.0
0.29904431916615787,0.552134232670931,-0.02663799547062039,-0.21596359467490234,-1.0
0.3084449240993454,-0.053636436241659466,0.30496335218715487,-0.08466226807982967,-1.0
0.6091790801039464,0.6666182631361132,-0.2569642000513181,-0.5061065487471047,-1.0
0.4992260831286122,0.7397826197442842,-0.23851199839352055,-0.5823448211319342,-1.0
0.37119609207480725,0.5814304695384482,-0.20782712495955913,-0.15288598769331554,-1.0
0.09668564774712089,0.16887265757164327,0.27379876613452037,0.06433869118644861,-1.0
0.5958733900399029,0.05408586302284889,0.04644064393051976,0.08808872043237173,-1.0
0.8650686584967553,0.2154416943171835,-0.07400403851088279,0.17022297091785407,-1.0
0.18792689680635039,0.23933609717492796,0.013175362852393544,-0.014019325705996585,-1.0
0.18835290609335284,0.07497222847434491,0.3155281859053739,-0.04835754895767531,-1.0
-0.02376421805995371,0.5537896334158614,0.06727690574204849,-0.423960599892375,-1.0
-0.18460402436773124,0.745496656526127,-0.1647199259234468,-0.6859689759247561,-1.0
-0.3161130912653896,0.9104558886525184,0.1642067449825407,-0.41246110292225263,-1.0
0.3435906902770481,0.4695021454864918,-0.04221917288619655,0.026672281883905385,-1.0
0.1560188012098664,0.04642382615387966,0.3340696364224595,-0.06817458646264711,-1.0
0.6598031837094049,0.7647225388619846,-0.2557649185046354,-0.49203341054257044,-1.0
-0.05117507561664844,0.29882887657825763,0.17371732655042005,-0.04351676376313142,-1.0
0.19258459834424393,0.23332437868018094,0.24245010430960431,0.09202171217332304,-1.0
0.08102696638786726,-0.001800611336590891,0.06928500507602887,-0.06575653353922464,-1.0
-0.376009997017935,0.7360289259498588,-0.07424389482021933,-0.639982686413514,-1.0
0.4433194643643232,-0.22776281301958165,0.10742773631424524,-0.04381975152663719,-1.0
0.7802218088354326,0.11237847688610408,0.0023257137119716193,0.22559135256545237,-1.0
-0.19012794478919642,0.11268341912859124,0.39495967067170923,0.12061018693994056,-1.0
-0.33173343178881304,0.8683883802484553,0.1719992860091257,-0.6368007299782411,-1.0
0.3208701949702503,-0.0024045421873071424,0.2641487332240035,-0.03247467303057954,-1.0
0.0666008718990074,-0.04597439937269025,0.41192811004384355,0.0427072366112164,-1.0
0.38761164993396857,0.20838445956248047,0.028517241764003706,0.059649984792119984,-1.0
0.29062353559307597,0.14738875053546405,0.12138402668540893,-0.0097838141363094,-1.0
-0.18849490918902032,0.6896050997959791,0.13614913484387028,-0.6163753772724083,-1.0
0.5524630436943525,-0.156253857156341,0.14671396856208932,0.12923188507522052,-1.0
0.5679271808125418,0.06565479086044536,0.0652241819784241,0.19760885332584638,-1.0
0.34012581474276143,0.690352934343031,-0.17728728092194074,-0.3519571371750778,-1.0
0.46440692407094475,0.5033071712250692,-0.058324129544719265,0.027429166374207437,-1.0
-0.19782451257437414,0.11372893538854724,0.42048484442808215,0.09171872440981728,-1.0
0.23297027875207682,0.25766167384249006,0.07789194194361704,-0.04261014014646359,-1.0
0.3939733886198719,0.49789807668571345,-0.05952341109140199,0.008822442151564072,-1.0
0.3448829184476222,0.6811901460092499,-0.18115845019355847,-0.17012938396387545,-1.0
0.5983158432853837,-0.20373046009975967,0.11220812833985967,0.07886104677008027,-1.0
0.23390749918348222,0.035005191278651863,0.2646730702723206,0.1433050232797548,-1.0
0.29248377614632,-0.07211593613638179,0.29072258107701066,-0.034290259937764675,-1.0
0.05393277573451102,0.05153523898033122,0.04223702265805415,-0.05198755293512085,-1.0
0.14392013745899662,0.6138850367745824,-0.093265057955978,-0.24350155588310993,-1.0
0.6488263444143082,-0.3234711139830539,0.1772091881700637,0.0005025736412344119,-1.0
0.08159639880149387,0.7340758434920244,-0.09436393453596172,-0.5138157740810931,-1.0
0.08142457505573622,0.6675185688044086,-0.05072682039782679,-0.21899347230996002,-1.0
0.7507419661748627,0.236475448519215,-0.07653647489318029,0.13649657237781054,-1.0
0.5694608142457506,0.7737401166041051,-0.23086448676327856,-0.5924756089001194,-1.0
0.5882478238025589,-0.2671294044187583,0.21353347390028674,0.19064832362368686,-1.0
0.43927237613779985,-0.21184047164400172,0.12401128998069993,0.026067476193818582,-1.0
0.3128896209937376,0.4352469669137667,0.029568704887490655,0.09943379892842938,-1.0
0.5316595901790659,0.057691442013780486,0.05346620257259837,0.11788446690531341,-1.0
0.43068118884991696,0.16661463287132164,0.11789216506576528,0.041042558667321774,-1.0
0.5357918802629897,0.5232881486375617,-0.0937893950042951,-0.11083268992302474,-1.0
0.4481191689978842,0.20988738918616726,0.033297075984247575,0.09338223251678716,-1.0
0.2572244074920833,0.5522867037921746,-0.05459798966944454,-0.28857537259306054,-1.0
0.708311441189418,0.5231356775163181,-0.18321675201088838,-0.13579467022297093,-1.0
0.35259368654236667,0.4803203345652032,-0.044226714414806384,-0.10629489249198663,-1.0
0.22635293449397198,0.34164421952937246,0.07674286288028381,0.009578858707096231,-1.0
-0.0022866758495335197,0.7077854658718807,0.008586855874248357,-0.18874148943637256,-1.0
0.5466551170815525,0.7110890068321584,-0.2315338532079387,-0.5215366977843289,-1.0
0.13202027804206132,-0.27568956879714807,0.2589834554927095,-0.03459207786434571,-1.0
0.7006716746425072,0.17502958665805082,-0.009814027689458596,0.19004000842282587,-1.0
0.5455332926257792,0.7276139721631296,-0.23817731517119048,-0.5750801338293442,-1.0
0.7656096902912484,0.7256608897052952,-0.2124178631591865,-0.39355653821857234,-1.0
0.6258360432257423,-0.0051088716410975015,0.11388154445150998,0.13241384151049343,-1.0
0.3826415415856066,0.4935417589358968,-0.022480114238539888,0.05253971596359468,-1.0
0.7491515315033868,0.01006527216095142,0.006770641587737207,0.13377085234318337,-1.0
0.4872410218542765,0.45477779149211145,-0.10884456195544252,-0.04230715238295782,-1.0
0.5753965436446514,-0.0120198067247025,0.02531488113167554,0.05995180271870102,-1.0
0.19366382187131678,-0.3467556323558241,0.4695717170364917,-0.2203504831426499,-1.0
0.1271864926655401,0.5646005619649898,-0.1532458694512311,-0.22639854004351795,-1.0
0.27356896380341095,0.563104892870886,-0.009383959748764461,-0.35997052010949676,-1.0
0.02978798937816845,-0.03350443981384002,0.4309994756629517,0.10639198895673944,-1.0
0.5776685931753313,-0.2131909301464449,0.12267255709137967,0.05859011253831216,-1.0
0.40854290623535594,-0.2947702405413451,0.20225464930776355,-0.03807117287850074,-1.0
0.045767597733630594,-0.06520536407925594,0.45116971786204363,0.08097845160384642,-1.0
-0.18460402436773124,0.745496656526127,-0.1647199259234468,-0.6859689759247561,-1.0
0.2520128938810866,-0.4670989101945096,0.4546113769983378,-0.10508411127488829,-1.0
0.19055395407619888,-0.3210678786910718,0.45126454477503714,-0.2029550080718748,-1.0
0.12724329390380712,0.7657753156515237,-0.07906891127547777,-0.4717601366369529,-1.0
0.062658865963278,0.21409123581474035,0.24111137142028405,0.08370183196462413,-1.0
0.4604024367731217,0.4520768744872251,0.006818612849604517,-0.16922860953183128,-1.0
0.3646355490549694,0.2551059674292643,0.034252596583999914,-0.047601834304297985,-1.0
-0.3145794578321808,0.8685408513696989,0.004380891819226435,-0.910753141012143,-1.0
0.587168600275486,0.4442645446558872,-0.13551323672144316,-0.022944011604782294,-1.0
0.27463398702091707,-6.739804401333034e-07,0.26863906645693186,-0.03973585082239536,-1.0
0.3559733602192528,0.08413501680812599,0.21893302988721178,0.014722397697760932,-1.0
0.30479544454069096,0.4414038960001743,-0.03222999431038522,-0.26089703095388506,-1.0
0.007381178909700231,0.5120198067247025,-0.11457880116469762,-0.36859221824477667,-1.0
0.18042913335510716,0.5833835519962827,-0.010961433336680166,-0.2560539060854917,-1.0
0.162309538347936,0.06054628224582702,0.3042939857424947,-0.06666198731896775,-1.0
0.3255846977464109,0.6562502268915495,-0.1808237669712284,-0.15197351489202404,-1.0
0.046747419093736246,-0.3234711139830539,0.2550174593080982,-0.11567347511756862,-1.0
0.42201900001420034,0.4963951470620267,-0.01507190111226391,0.08339884420111837,-1.0
0.23926101589014642,0.6352164726895181,-0.07051217689123912,-0.1621160010294565,-1.0
-0.27231933656153706,0.84871234507845,0.1419837790198244,-0.383273671650172,-1.0
0.33695914570937646,0.7603662211121679,-0.16782690183741092,-0.37449989471467676,-1.0
0.14603598358444214,0.7091359243743238,-0.07634682106719325,-0.20885098617252756,-1.0
0.038981269791681455,0.6693191801409996,-0.18331157892388192,-0.5667625932944949,-1.0
0.22765936297411285,-0.3475107274324589,0.4752111293327532,-0.24804052315107272,-1.0
0.6554862896011133,0.7390347851972323,-0.2353101955665629,-0.5175943473479797,-1.0
0.6032007497763451,0.5587413145914863,-0.15448977542755782,-0.12595634168596898,-1.0
0.5710654492267931,-0.19606334086008234,0.13921148632819036,0.04285814557450692,-1.0
0.7142329702787521,-0.36087736239481305,0.1953713310351752,-0.027784796799326175,-1.0
0.22581332273043556,0.16661463287132164,0.1807456742193514,0.02152967876278047,-1.0
0.3020973857230088,0.3771046460128802,-0.10024320314155985,-0.1376079174563066,-1.0
0.1677198562928672,0.6087736239481308,-0.11472383056104066,-0.10568891696497508,-1.0
0.046747419093736246,-0.3234711139830539,0.2550174593080982,-0.11567347511756862,-1.0
0.8144303545817299,0.3834140462205314,-0.12605285763691332,0.008822442151564072,-1.0
0.37940387100438794,0.410757200630214,0.04070528911052356,-0.17421211483119256,-1.0
0.22435069084506046,-0.3417966906506161,0.44170376072380824,-0.18117264453335205,-1.0
0.41889493190951566,0.16331109191104398,0.0750694467686335,-0.004338106267986243,-1.0
0.07377060819925874,-0.23693286188294577,0.17233396923145577,-0.11521723871692287,-1.0
0.530409962937192,0.696364652837778,-0.21772259223311805,-0.3917432909852367,-1.0
-0.24629016912568694,0.14648118433758558,0.4329573725135826,0.10941718724409819,-1.0
0.5515400235725139,0.7280641249972772,-0.21920635451878134,-0.4775157343066377,-1.0
0.5006603143948538,0.09314533402066347,0.10752256322723876,0.21046536112865866,-1.0
0.6326095908890814,0.181338986865702,0.05752646786483261,0.1133501789850495,-1.0
-0.022873858650118574,-0.46920446377358765,0.46617468232984155,-0.17800238646732647,-1.0
0.5987418525723861,0.6868969222615098,-0.27493111103673706,-0.6125968040055216,-1.0
0.49916928189034526,0.4953423702724877,-0.037583252451554604,-0.05486301209611381,-1.0
0.2412348589199245,0.21123784768861043,0.16200899182257328,0.012906810790575794,-1.0
0.15062268357450193,0.17818791702666795,0.14050001673416113,-0.019918813317423553,-1.0
0.28998452166257227,0.09029194589453356,0.23523210281468593,0.10578718326665264,-1.0
0.5054458187188481,0.0949532058868374,0.0720126733380189,0.19367820125874455,-1.0
0.4261370897885574,0.4220255425430731,-0.12442406595490701,-0.07785615685173487,-1.0
0.5579869641158177,0.10246059347568812,0.10082889878063747,0.10503029877635058,-1.0
0.4922821317504722,-0.29567780673922356,0.23919809899929717,0.1803654570552865,-1.0
0.5631842774172477,0.2847071465392686,0.0393665562212033,0.03937905056035189,-1.0
0.14471535479473452,0.16917033928454742,0.27518770150719013,0.09701340633115743,-1.0
0.13691086465684954,0.40775134138284047,0.12348695293238283,-0.014624131396083389,-1.0
0.2585166356626575,0.4905358996885233,0.0005573200798777291,0.046186331625371425,-1.0
0.7089220545007882,0.5710624332938845,-0.13116793288485784,-0.08420954118995813,-1.0
-0.16762045412589993,0.8356361312994169,0.008682240592612427,-0.7977585924522121,-1.0
0.5726842845174025,0.016826277308666895,0.04969041801934469,0.1383098196111462,-1.0
0.09374760369776061,0.7542092920257604,-0.0782545154344746,-0.45800285440209637,-1.0
0.5109555388307465,0.5177265829769624,-0.07270993005120654,0.024856694976720245,-1.0
-0.26389855298845516,0.5725653629175712,-0.09283554782065442,-0.21506282024285817,-1.0
0.5818150835688218,0.03410415955739812,0.09299173332440845,0.10714887344704149,-1.0
0.47285610826316016,0.06625523665696176,0.08816671686915002,0.0460354226620809,-1.0
0.4414592238110791,0.22596220168299078,0.04510246884657006,0.050724129056409537,-1.0
-0.6086110677212764,0.6188439784797903,0.1751062619230898,-0.10720268594557919,-1.0
-0.1779014782522259,0.7408353965338232,0.12152905608175196,-0.6555532158817061,-1.0
0.07377060819925874,-0.23693286188294577,0.17233396923145577,-0.11521723871692287,-1.0
0.046747419093736246,-0.3234711139830539,0.2550174593080982,-0.11567347511756862,-1.0
0.12620099118160777,0.38806804568325215,0.11407119827749702,-0.02264219367820126,-1.0
0.5035145766177703,0.6804423114621981,-0.22508004507067395,-0.4628342809012424,-1.0
-0.030759290552534048,0.583231080875039,0.1051351562412843,-0.45451674036639295,-1.0
0.38633362207296124,0.6594085572601667,-0.18469493624284616,-0.11325308252029669,-1.0
0.45513412192385794,0.6308601549397014,-0.16194763323181277,-0.09146954914484921,-1.0
0.3822297326081709,0.7853061402298684,-0.18407577228153554,-0.5017196602793571,-1.0
-0.3300435949503699,0.8362387552548083,0.10169349710499014,-0.6287873470438221,-1.0
0.38569460814245754,-0.30498580566466515,0.23379854301237213,0.019865000818885845,-1.0
0.4806520782153051,0.23723054359584989,0.050741881142831645,0.029395662244683093,-1.0
0.2478238025588958,0.34870871481365856,0.11645860526345149,0.07326337708523432,-1.0
0.39831868334729703,0.04191648938873602,0.07487979294264646,0.14193631407781757,-1.0
0.8211045000781018,0.40505042437795413,-0.13436973571181546,-0.006607121967197773,-1.0
0.5537978727936269,0.12589758296970183,0.08931021787877774,0.11319927002175897,-1.0
0.49969469334431493,0.45973673319731945,-0.09923915347456966,-0.002371610397510587,-1.0
0.45858479714857786,0.5618996449601034,-0.021093967892722873,-0.2971970707283405,-1.0
0.49679783019269824,0.22971589547741614,0.012649352387964791,-0.01931400762733675,-1.0
0.3116683943709973,0.10005735818370592,0.06460501801711346,0.10034159238202195,-1.0
0.319876173300578,0.7234101255345565,-0.1770976270959537,-0.3502959687419574,-1.0
0.5897246559975008,-0.2857599233288076,0.15971641174961235,-0.0020689735850822396,-1.0
0.1055182402976385,0.8110011544242037,-0.07711101442484689,-0.4764511827051309,-1.0
0.27129691427273117,0.644081579310395,-0.1304483639568482,-0.08844435085749047,-1.0
-0.21378566052739953,0.005107492140476727,0.3831063065475195,-0.0592499005638614,-1.0
0.0835489413669218,0.7821550703908343,-0.07744569764717696,-0.50625862754732,-1.0
0.4587125999346786,0.56910935083605,-0.19717304238205208,-0.14214688472426945,-1.0
-0.2828985671887647,0.8461566386652243,0.14805270145140959,-0.609566926370464,-1.0
0.40503542977236906,0.6541446733124715,-0.2097905998638955,-0.3903862801525467,-1.0
0.6073756407889692,0.1811865157444584,0.02708368196168993,0.042253339884420114,-1.0
0.21441047414833644,0.002853896363200732,0.3476912435712931,-0.03549987131793828,-1.0
0.7694863748029708,0.7366315499052501,-0.22780771333266397,-0.43273437682787025,-1.0
0.12240950852728591,0.1957656591471782,0.2393431283956402,0.06403570342294285,-1.0
0.5412731997557547,0.7366315499052501,-0.22570478708569006,-0.5337848903862802,-1.0
0.07778503571377857,0.753308986357465,-0.08609725894440913,-0.48703820687396177,-1.0
0.33680294230414226,0.5438717500054454,0.0008918750069725671,-0.20371540207295105,-1.0
-0.3543403246190767,0.8093457536792734,0.10795207336256235,-0.40520811398891,-1.0
0.6583405518240298,-0.19320995273395242,0.15818244698059952,0.14027514564469715,-1.0
-0.3198903736101447,0.8372915320443474,0.1444660129187724,-0.38296951404974144,-1.0
0.5393561579642436,0.7567649984389861,-0.2320581902562558,-0.5817365059310733,-1.0
-0.05151730307720709,0.6018615997850884,-0.1071711458437922,-0.38993004375190105,-1.0
0.30196958293690807,0.49940100630940026,0.024980755714716023,-0.2599845581525935,-1.0
0.12316780505815028,0.4039976475884151,0.09351607037272557,-0.01961699539084252,-1.0
0.5372119112196646,0.7298719968634513,-0.21681336947912136,-0.43712126529561784,-1.0
-0.32125360332855263,0.879809193282558,0.016090453718888405,-0.90757118457687,-1.0
0.1791511054940998,0.32166324211688,-0.07438334616285686,-0.2049203341054257,-1.0
0.3805540960792945,0.22761034189833806,0.01900610239075382,0.06842259189069044,-1.0
-0.05653995257096605,0.4340417190029841,0.07760188315093099,-0.13594674902318615,-1.0
0.6239190014342313,0.02599124380132287,0.11388154445150998,0.14042722444491237,-1.0
0.4216781925845984,0.4082014942169882,0.015373673817731519,-0.13518635502210993,-1.0
0.1852998395365019,-0.011269067965817427,0.3620770440777804,-0.08814253293090944,-1.0
0.3141534485451783,-0.4239786250009076,0.43334225821926214,-0.09978942935354812,-1.0
0.27899348205790886,0.5037573240592169,0.032197641598893316,0.07765026555298192,-1.0
0.4382783544681274,-0.18764838707335313,0.12444080011602353,0.03620294330970263,-1.0
0.05393277573451102,0.05153523898033122,0.04223702265805415,-0.05198755293512085,-1.0
0.08375626588659633,0.5392104900131416,0.06890569742405481,-0.34621323787464026,-1.0
0.02099231763252439,0.5769216806673879,0.05991945290449257,-0.39083081818394516,-1.0
-0.008807742008775791,0.44997132090814707,0.061302810223456836,-0.1323085561872675,-1.0
0.5996790730037915,0.0821819343502915,0.040274663364458875,0.11244238553145693,-1.0
0.09130089035940984,0.5156282899274673,0.01948414159331526,-0.04835754895767531,-1.0
0.27562800869058945,0.03365328067029209,0.25922331180204605,0.1272665590416696,-1.0
0.5686797972195794,0.033352694745554745,0.07597866952263017,0.18929131279099695,-1.0
0.5363030914073927,0.7100362300426194,-0.21796244854245458,-0.41322149692332893,-1.0
0.49373056332628057,-0.011118775003448753,0.14112475874917724,0.286551554713273,-1.0
0.2814217349938229,0.6724775105096166,-0.1964032709706929,-0.21899347230996002,-1.0
0.5399383706564803,-0.28095345274484324,0.22557649185046352,0.11153576191478909,-1.0
0.6174720608909274,0.8064923655531435,-0.2279025402456575,-0.49763692941203996,-1.0
0.16355916558980985,0.10065998213909723,0.2941140377299553,-0.050930020355162496,-1.0
-0.17858309311142984,0.11538433613347758,0.3908988475741044,0.04966542663952645,-1.0
0.27792845884040274,-0.3713978697606204,0.48042103149369125,-0.16725158512903301,-1.0
-0.35273568963803414,0.882960263121592,0.15732342670995236,-0.4377295804964788,-1.0
-0.16326095908890814,0.09405290021854196,0.4295659158606379,0.07326337708523432,-1.0
0.6868405731244942,0.7270113482077383,-0.24118946417216108,-0.50625862754732,-1.0
-0.017318697547606537,0.6394203193180912,0.05274942267144148,-0.4944549729767671,-1.0
0.2758978145723577,0.4643907326600402,0.005145642982250633,0.06796986500081889,-1.0
0.24736939265275984,-0.34915886764780624,0.4581924874772695,-0.24167661028052692,-1.0
-0.21615711222504652,0.7871067515664593,0.15522050046297847,-0.4793289815399734,-1.0
-0.18460402436773124,0.745496656526127,-0.1647199259234468,-0.6859689759247561,-1.0
0.48630380142287105,-0.010667896116342727,0.04481519908073675,0.03408436863901172,-1.0
0.36215049488078843,-0.35952690389236996,0.3554837845978781,-0.04866053672118107,-1.0
0.2228170574118516,0.46078950998685847,-0.010196682173655968,-0.2819190004913315,-1.0
0.18583945130003834,0.35742135031329186,0.11163358880819306,0.025764488430312815,-1.0
0.7352352281279733,0.5976577531565153,-0.18134810401954551,-0.18359420696754872,-1.0
0.3165249002428253,0.6993705120851516,-0.17360576547631001,-0.3177745022343886,-1.0
0.7990798199400748,0.7322752321554334,-0.23947142363086674,-0.4461991998315435,-1.0
0.17236335752119397,0.6388249558922828,-0.12088757990561932,-0.08678084275052059,-1.0
0.05393277573451102,0.05153523898033122,0.04223702265805415,-0.05198755293512085,-1.0
0.07689467630394342,0.4379478839186531,0.09385075359505562,-0.05395521864252124,-1.0
0.5754533448829184,0.41241260137514435,-0.10984861162243272,0.003074214454505042,-1.0
0.6714616378637055,0.1529430556664803,-0.015788681013420798,0.18278701948948317,-1.0
0.4879084364039137,0.048076322686976786,0.11736782801744815,0.22135654289792006,-1.0
0.12328140753468426,0.7436887846599531,-0.08317993685643206,-0.4688940361713578,-1.0
0.476988398347084,0.7116916307875496,-0.21313185403349064,-0.4343955452609906,-1.0
0.5211797617188055,0.217394776775018,0.04749210705400672,0.03589995554619686,-1.0
0.18955993240652647,0.4442645446558872,0.02593627631446836,0.05828829461173113,-1.0
0.4528052711549112,-0.2478962615533177,0.15474636589801088,-0.023700896095084346,-1.0
0.34829099274364184,0.21529648372552296,0.011167821323783706,-0.006607121967197773,-1.0
0.5555303105607703,0.21589184715133122,0.0517933442663186,0.07084298448796238,-1.0
0.5589809857854902,0.7687811748988972,-0.20778250052991512,-0.5045857607449522,-1.0
0.5596910012638275,-0.23888594434078023,0.17667927306804113,0.12711448024145436,-1.0
0.5243038298234902,-0.28740806354415493,0.24230507491326125,0.158126857116118,-1.0
0.8067195864869855,0.565958280997016,-0.14975958588529292,-0.10826138836246228,-1.0
0.10951846750259157,0.6597062389730707,-0.06850407755725872,-0.17542874523291455,-1.0
0.507817270416495,0.7097385483297152,-0.22197864721041535,-0.40520811398891,-1.0
0.22748895925931187,0.44471469749003495,0.029521291430993902,0.0560188109777497,-1.0
0.378892659859985,0.7417357022021186,-0.19196314022111405,-0.4687419573711425,-1.0
0.28410559350193837,0.13536531354597006,0.147768220712429,0.0554140052876629,-1.0
0.09118728788287585,0.22716018906419033,0.23948257973827775,0.07568376968250626,-1.0
0.6226551738827907,-0.22310881355686085,0.16970112788245925,0.14904892258019234,-1.0
0.10997429743968419,0.657455474802332,-0.13436973571181546,-0.162420158629887,-1.0
0.1371380696099175,0.6093762479035222,-0.07591731093186965,-0.17148639479656536,-1.0
0.43947118047173434,0.6340184853083184,-0.16180260383546974,-0.11310217355700616,-1.0
0.7009556808338423,0.552134232670931,-0.13068822026618473,-0.09978942935354812,-1.0
-0.2763096235497934,0.8147548482186291,0.10642368664725504,-0.4024823939542828,-1.0
0.8151403700600675,-0.03215252920548025,0.021204971161462343,0.16100465595096045,-1.0
-0.3832521548969768,0.8856684406560614,0.03774166917679084,-1.0,-1.0
0.16290595134973943,0.2612701570452549,0.10814172718854938,-0.05077794155494724,-1.0
0.4223456071342356,0.6505434506392898,-0.16189743074846327,-0.12141737441800614,-1.0
0.6490535493673764,0.5234406197588052,-0.18292669321820232,-0.17482043003205353,-1.0
0.02624217207935133,0.47250800473386534,0.11230295525285319,-0.10205891298752955,-1.0
0.1239062211556212,0.6747282746803552,-0.043748675212244945,-0.2571067593177511,-1.0
0.05617500461510061,0.5000036302647916,0.0590604326338454,-0.07906576823190847,-1.0
0.5450646824100766,0.44907101523985166,-0.1140098396867365,-0.0038843265248824314,-1.0
0.40057653256841,0.5308027967559954,-0.04566027421712017,-0.21974216794178894,-1.0
0.36660939208474747,0.7082356187060285,-0.1770976270959537,-0.3504480475421726,-1.0
0.5426364294741626,0.016826277308666895,0.11230295525285319,0.24056526520203084,-1.0
0.05393277573451102,0.05153523898033122,0.04223702265805415,-0.05198755293512085,-1.0
0.4954914017125574,0.4857294291045589,-0.06717092272164396,-0.04533235067031656,-1.0
-0.2524957044063561,0.06204848581655546,0.3977319633633433,0.0032254743688729793,-1.0
0.29766688913818323,0.17983605724201523,0.10809710275890537,-0.004791886011090054,-1.0
0.13452237258772243,-0.041467062607546595,0.40107879558664394,-0.07906576823190847,-1.0
0.4013149486658809,0.6825406045116932,-0.18426542610752258,-0.12293816242015863,-1.0
0.0010117578563212679,0.6074231654456876,0.028325914521905016,-0.4463512786317588,-1.0
0.13744195623464592,0.522082900726779,0.07138793132300278,-0.28737044056058586,-1.0
0.6735490833700175,0.1530955267877239,0.007630777469125474,0.1935261224585293,-1.0
0.5193763224038285,0.5285447720556737,-0.12657719468523043,-0.13382934418942,-1.0
0.55142642109598,0.464840885494188,-0.1356582661177862,-0.11506866942748181,-1.0
0.49382996549324776,0.6397252615605783,-0.17786182045360735,-0.1079584005989565,-1.0
0.1606765027477599,0.575121069330797,0.06096812700112677,-0.33274841487096696,-1.0
0.400974141236279,0.20762936448584562,0.01097649408168502,0.06690999274701108,-1.0
0.27436418113914884,0.43870297899528793,0.014513537936343251,-0.24016752064762173,-1.0
0.4349838826486418,-0.2418845430585707,0.2861820453607327,0.09671041856765167,-1.0
-0.2614418994334077,0.7863589170194074,0.15445630710532482,-0.36149130811164926,-1.0
0.3988014938725664,0.8207665667133762,-0.18627352544150297,-0.5169977305163661,-1.0
0.3649195552463044,-0.32001510190153276,0.33387998259647245,0.009124961980299946,-1.0
-0.017926470797063377,0.749402821441796,-0.20706293160190548,-0.7157647223976978,-1.0
0.47934564973516425,-0.29732594695457093,0.24359360531923202,0.12514915420790343,-1.0
-0.006817284616804647,-0.1164371129230166,0.4727735198634493,0.08839053835895277,-1.0
0.08102696638786726,-0.001800611336590891,0.06928500507602887,-0.06575653353922464,-1.0
0.12559321793215092,0.4785124626990293,0.031146178475406364,-0.05168573500853981,-1.0
0.5487567628974311,0.2690824868765928,0.039271171502839236,0.04119463746753703,-1.0
0.1845898240581645,0.18704576311796184,0.11215792585651015,-0.022188296951404975,-1.0
0.2847304071228753,-0.49834822951986124,0.45360732733134757,-0.028087784562831942,-1.0
0.6999900597833033,0.020131270374861145,0.011597889264477839,0.03937905056035189,-1.0
0.40182615981028386,0.460934720578519,-0.04102435378247822,-0.0686284831894434,-1.0
0.36423794038710045,0.6268015189027887,-0.16701250599640774,-0.1530380664935308,-1.0
0.2972124792320473,0.603066847695871,0.001274250588484666,-0.38281743524952627,-1.0
0.6534130444043681,0.4085064364594754,-0.11844997043631536,0.022588381179663556,-1.0
0.7187770693401117,-0.02599196985428117,0.024932784452848713,0.11682927399920452,-1.0
-0.04190511353147498,0.6569980614386013,-0.02941028816225443,-0.24319739828267942,-1.0
0.5079450732025959,0.17428175211099897,0.10546983946361436,0.0856683278350998,-1.0
0.5599608071455958,0.18163666857860614,0.08487008712919888,0.10563627430336212,-1.0
0.37840984933471555,0.7807973513588081,-0.18962035766480362,-0.4876465220748228,-1.0
0.8431291802161288,0.44771329620782546,-0.1444994812410054,-0.042761049109754104,-1.0
0.28617883869868366,0.13416732616477048,0.1750114350100963,0.050119323366322736,-1.0
0.8347225969526135,0.43134080199809777,-0.15921996496982274,-0.07119978475000585,-1.0
-0.3405660243393306,0.9152623592364827,0.16435177437888374,-0.677195198989261,-1.0
0.25020945456610955,0.31715445324581976,0.11928110043843503,0.08823962939566225,-1.0
0.6021783274875392,-0.18043868119740653,0.08969510358445733,0.08370183196462413,-1.0
0.49231053236960565,0.4987983823540089,-0.058948871559735376,-0.08557006153342224,-1.0
0.45293307394101195,0.41766922479325647,-0.010340038153887347,-0.03519688355443252,-1.0
0.11552803851123955,0.6648176517995222,-0.11988353023862915,-0.489155611707728,-1.0
0.07505573621504949,0.07001110861026204,0.22447761527047985,-0.12263400481972814,-1.0
0.30273639965351246,-0.1481365850825159,0.14265314546448454,-0.007212278608361994,-1.0
0.04701864500646115,0.3320312783614437,0.11474056472215716,-0.022188296951404975,-1.0
0.1809971457377771,0.6401754143947259,-0.085472516929393,-0.21006761657424958,-1.0
0.3136990386390423,0.5413160435922196,-0.07409886542387631,-0.3862918509159823,-1.0
0.35966544070660744,0.5465726670103317,-0.023388221381795464,-0.3097494209307223,-1.0
0.5146760199372347,0.10606907667845293,0.07530930307797004,0.22559135256545237,-1.0
-0.19717129833430372,0.907754971647632,0.03855439160168234,-0.8830747993729675,-1.0
0.8126411155763196,0.42337600104551626,-0.13441436014145944,-0.028692590252918742,-1.0
0.4768889961801167,0.7519512673254387,-0.2080669812688957,-0.43273437682787025,-1.0
0.3582312094403658,0.16241078624274854,0.15192387072302732,0.09292950562691561,-1.0
0.006433308246119766,0.4888804989435929,0.05972979907850553,-0.10916918181605485,-1.0
0.6855625452634868,0.5634025745837902,-0.1366121133014269,-0.1429072787253457,-1.0
0.2765652291219949,-0.34660316123458046,0.4756406394680768,-0.218385157109099,-1.0
0.39276636230669826,0.048076322686976786,0.2314557604560617,-0.03323038768395686,-1.0
-0.015120489626673863,-0.05573981166186262,0.4327175162042461,0.07507896399241945,-1.0
0.10260007668167168,-0.003906963573923082,0.31629237926302756,-0.15803327016213942,-1.0
0.6031581488476448,0.10757200630213969,-0.026972678692950457,0.11153576191478909,-1.0
0.5647747120887235,0.024338021215267444,0.12587435991833731,0.2529772349734447,-1.0
0.5206827508839693,0.3123479826618553,0.031194149737273674,0.039529959523642404,-1.0
0.4009031396884452,0.7878618466430942,-0.1755190378972969,-0.46540792213565435,-1.0
-0.20188580111046422,0.8461566386652243,-0.0032184812075370666,-0.8308766757913947,-1.0
0.6029167435850102,0.0869884049342559,0.037168245255865325,0.11077887742448704,-1.0
0.5827523040002272,-0.3490063965265626,0.18681459665093655,-0.057585222619966785,-1.0
0.20600389088482132,0.6382223319368915,-0.12452447092160605,-0.07634238787113076,-1.0
0.49199812555913724,-0.2844094648263644,0.22170532257884581,0.042253339884420114,-1.0
0.263174337200551,0.4462176271137217,0.05676227450717896,-0.23865843101471654,-1.0
0.501100523991423,0.05198248760264574,0.10881109363320951,0.22665590416695913,-1.0
0.5640220956816859,0.07526991018724906,0.04237814741680333,0.11713577127348448,-1.0
0.501838940088894,0.6796872163855632,-0.20257259836897712,-0.1457733791909408,-1.0
0.5239062211556212,0.7178485598739572,-0.22751765453997794,-0.5107975948152828,-1.0
0.43555189503131175,-0.3203127836144368,0.21329361759095017,-0.09555461968601578,-1.0
0.37578279206486703,-0.34960902048195397,0.3544797349308879,0.00035130202849722753,-1.0
0.3250876869115747,0.2710355693344273,0.0352086749891228,-0.04654313188741489,-1.0
0.2225614518396501,0.5755712221649447,-0.003170677287280922,-0.2537844224515103,-1.0
0.5737635080444754,0.037409152623592366,0.05733681403884557,0.12938396387543577,-1.0
0.6226267732636571,-0.35427028047425785,0.18776844383457725,-0.0034304297980861467,-1.0
0.28634924241348464,-0.01832993298531195,0.2884244229503442,0.12590954820897968,-1.0
0.5743457207367121,0.8112988361371078,-0.24310273659314793,-0.5545144006925434,-1.0
-0.047896224137686204,-0.04717601701868134,0.42760801901000706,0.0846096254182167,-1.0
-0.34938441658028146,0.9242799369786032,0.05117194908352578,-0.8939659811422288,-1.0
0.5849817526022069,0.7932709411824499,-0.21714805270145143,-0.48901523127676005,-1.0
0.28674685108135356,0.059794817433983634,0.2586487722703794,0.16614024005053696,-1.0
0.2229590605075191,0.5745184453754056,0.016186396242623025,-0.25681430008656797,-1.0
0.3751011772056631,0.5507837741684879,-0.015932036993652175,-0.1950937039376711,-1.0
0.713054344584712,0.5863894112436561,-0.17021430882336536,-0.20068552443789336,-1.0
0.6167904460317235,0.24173933246691015,0.0466314133672479,0.07598675744601202,-1.0
0.2589852458783602,-0.4918863581909665,0.46784809844149183,-0.06333380126810323,-1.0
0.5592365913576917,0.06745758035591116,0.043811707219117105,0.07916286469666128,-1.0
0.31974837051447724,-0.3733509522184548,0.2393877528252842,-0.14607753679137128,-1.0
0.7815850385538404,0.7527063624020737,-0.24615951002376255,-0.47040312580426286,-1.0
0.40500702915323555,0.6658631680594782,-0.20338141615627478,-0.14093025432254747,-1.0
0.16580281450135614,0.6648176517995222,-0.11639724667269097,-0.09434383846891745,-1.0
0.3706848809304043,0.5814304695384482,-0.01315974430201814,-0.20598488570693246,-1.0
0.04607148435835902,0.7309175131234072,-0.0668362394993139,-0.4829554760066447,-1.0
0.5532724613396572,-0.3478084091453631,0.18939723551658358,-0.06287990454130694,-1.0
0.3088851336959146,-0.05874494485627782,0.28460345616207594,-0.07951966495870476,-1.0
0.1645531872594823,0.6485903681814551,-0.11606256345036092,-0.13186401815586907,-1.0
0.668436971925988,0.6023117526192361,-0.14282606512935508,-0.1743641936314078,-1.0
-0.2792774882492438,0.8571200383355961,-0.02257549895690396,-0.9208839287803281,-1.0
0.5758509535507874,0.029145943905148443,0.08123319611321218,0.0764406541728083,-1.0
0.3362349299214723,-0.4965476181832703,0.4697111683791292,-0.052442619498841866,-1.0
0.04766333906079153,0.4963951470620267,0.03888907482401241,-0.06514938817528837,-1.0
0.6162650345777538,-0.3850694469654617,0.2164452179345583,-0.08239395428277298,-1.0
0.2194799846636657,0.6206445898163812,0.02335531086493301,-0.2548372756837697,-1.0
0.20272361937490238,0.6087736239481308,-0.11711123754699511,-0.23018881167965186,-1.0
-0.03947970065747433,0.5944994227878982,-0.17480504702299274,-0.2956879810954353,-1.0
0.1329305178852899,0.62740414285818,-0.0912067561386481,-0.15258183009288506,-1.0
0.6582127490379291,-0.21844755356455703,0.14934123185738032,0.1417842352776023,-1.0
0.21681032646511694,-0.4056530483333455,0.4828586409629952,-0.2014459184389696,-1.0
0.13579188026298974,0.1795383755291111,0.248658478083827,0.02531059170351653,-1.0
-0.39638744124621916,0.12875823162541478,0.377946606869931,-0.046694040850705415,-1.0
0.7388705073770608,0.2549607568376038,-0.06993763735957251,0.1184927821061744,-1.0
0.45208105536700705,0.5250887599741525,-0.05975768934703303,-0.30309304882899324,-1.0
0.09300776756933303,0.3762043403445847,0.05953456719881299,-0.04926534241126787,-1.0
0.7964101617415259,0.7478998918181092,-0.2677633120251682,-0.5092768068131303,-1.0
0.15691342071257153,0.5404157379239242,0.02292524292423888,-0.3548349360099202,-1.0
0.5579585634966843,-0.21168800052275813,0.12343675044903332,0.03605086450948738,-1.0
0.1641271779724798,0.4646956749025274,0.0864933007574997,0.08143234833064272,-1.0
0.36325811902699484,0.1903565646078225,0.10326650824994144,0.047094125078963996,-1.0
0.39520881555217907,0.7971771060981188,-0.19841137030467332,-0.5151844832830303,-1.0
0.5344286505445819,0.20192258823358575,0.03688153329540257,0.03998385625043869,-1.0
-0.376009997017935,0.7360289259498588,-0.07424389482021933,-0.639982686413514,-1.0
0.15126169750500562,0.6075756365669313,-0.07811506409183709,-0.19312837790412019,-1.0
-0.20270941906533563,0.8625291328749519,0.02321195488470163,-0.8186284831894434,-1.0
0.815892986467105,0.7391799957888928,-0.26694891618416505,-0.5073114807795793,-1.0
0.7222277445648316,0.23813084926414532,-0.07084686011356918,0.13089305350834093,-1.0
0.48411695374959174,0.3924243634330688,-0.14072313888238117,-0.10523619007510354,-1.0
-0.03352693088709334,0.6768338282594333,0.11885159030311145,-0.5123066844481879,-1.0
-0.5999488788855597,0.4552279443262592,0.008825596572843803,-0.6487564633490092,1.0
-0.35992104627880894,-0.05619069054896865,0.18743376061224717,0.00020004211412929038,1.0
-0.24836341432243225,-0.45973673319731945,0.3401887613373942,0.01668889356823659,1.0
-0.07653966856477472,-0.3751515635550457,0.19187946941553155,0.006099646709248731,1.0
0.22196503883784666,0.06505361901097066,-0.10989881410578221,0.07659156313609883,1.0
0.3396288039079252,0.33082603045066106,-0.27827794326003774,-0.3391006293722655,1.0
0.1271098109938797,0.34660316123458046,-0.27015071901112264,-0.654044126248801,1.0
-0.7782905667343549,0.5940492699537505,0.015517029797962895,-0.5886970356332328,1.0
-0.40943752573806114,0.1286057605041712,0.03845844907794772,-0.05425703656910227,1.0
-0.20127518779909404,-0.16361603415353115,0.08467485524950635,0.072507662431857,1.0
0.06081992587438407,-0.06896123603255622,-0.059858094313732055,0.03756346365316675,1.0
0.22584172334956903,0.16061017490615767,-0.1739404486986401,-0.013716337942490817,1.0
0.24744039420059358,0.26742708613166244,-0.22384171714805273,-0.20129383963875436,1.0
-0.03316624302409792,0.2352774611380154,-0.17107332909401252,-0.3250274911677312,1.0
-0.5144346146745999,0.29011624107862427,-0.01999453350736861,-0.4567862240003744,1.0
-0.8738302494994391,0.5757236932861883,0.034395952564231294,-0.38190496244823474,1.0
-0.5562545263486744,0.19350763444685656,0.0440030344612158,-0.09146954914484921,1.0
-0.3154456767157524,-0.017278608301689525,0.031241563193770434,0.006553426452352543,1.0
-0.06992374433762656,0.064903326048602,-0.09082744848667404,-0.06650990851875249,1.0
0.037654960878147146,0.1747319049451467,-0.15850597409551861,-0.07014108233312277,1.0
-0.014532596810610473,0.1320617725856924,-0.12365987259725336,-0.06635899955546197,1.0
-0.22970420755172463,0.07932854622416159,-0.019803206265269924,-0.07014108233312277,1.0
-0.26196731088737735,0.09104704097116845,0.01518234657563283,-0.12550010528532324,1.0
-0.18156515812044702,-0.1748843760663903,0.2551122862210918,0.05571582321424394,1.0
-0.4120929836270431,-0.5558879264653563,0.6599841583274764,-0.09857981797337452,1.0
-0.6215901506652846,-0.4005416355068939,0.6101832948447629,-0.0477527432675885,1.0
-0.2915181550957811,0.2786954280445216,-0.04437007039503777,-0.1419948059240542,1.0
0.026793144090541173,0.05093116291902332,-0.028549594475495616,0.0006538452539715964,1.0
-0.2453671490038483,-0.4966928287749309,0.4992023383201134,0.07961676142345757,1.0
-0.479871061189134,-1.0,1.0,-0.2377459582134251,1.0
-0.44408628108092757,-0.5163761244745192,0.6353235828954561,-0.0097838141363094,1.0
-0.3011885659107369,-0.004057183930995927,0.10871626672021599,0.15827893591633327,1.0
-0.2513028784027492,0.24924672005576087,-0.06773988419960507,-0.27829250602466016,1.0
-0.00018250237855185243,0.01006527216095142,-0.010961433336680166,0.0009563884794459652,1.0
-0.2388492069127107,-0.4945945357254358,0.3982618784653659,0.1558573734821366,1.0
-0.4958322091421593,-0.8838678293194706,0.8015049588897443,-0.07210757820359842,1.0
-0.44245324548075154,-0.6265038371898847,0.5823655410154289,0.11365316674855526,1.0
-0.2966586671589441,-0.035156936346937145,0.09505003514173835,0.2039610678271449,1.0
-0.24049644282245355,0.20222026994648992,-0.12179680265961601,-0.22549776561147378,1.0
-0.18241717669445195,0.23752822530875403,-0.09856978702990953,-0.3814604244168363,1.0
-0.013091833401968164,0.028544772055673743,-0.018321675201088836,-0.016136730539762757,1.0
-0.1461495860609761,-0.463795369234232,0.30821535749746204,0.09353431131700242,1.0
-0.31358543616250834,-0.6612091685967575,0.5019746310117474,-0.03323038768395686,1.0
-0.1525681259851465,-0.4582338035736327,0.2987047759295827,0.09413911700708921,1.0
-0.07242583888328766,-0.01712831533932085,0.0011308388277162333,0.08929833181254533,1.0
-0.05164936595617785,0.22100325997778278,-0.19420551781072548,-0.32563580636859224,1.0
-0.9085216057710058,0.46815168698404863,0.06044378995280966,-0.7741512833111065,1.0
-0.3195211655614093,0.24053408455612754,-0.049292702790142466,-0.3389485505720503,1.0
-0.16840147115207113,-0.09089456984992486,0.12625924562401689,0.09035703422942842,1.0
-0.2566847957285469,-0.6398777326818219,0.4857703849972668,-0.025364404202054238,1.0
-0.48086508285880636,-0.9430629270098961,0.7281870209846382,-0.318219040265787,1.0
-0.20030956674855513,-0.5160784427616151,0.31490344389035785,0.03665684003649892,1.0
-0.03038014228710186,-0.049579978363621845,0.0053846068029943,0.13997098804426664,1.0
0.06929325059286293,0.25901213234493325,-0.24477615270479827,-0.445895042231113,1.0
-0.5419832152340921,0.37319848109721127,-0.03629249082410166,-0.6352916403453359,1.0
-0.277687053577768,0.015023487813201095,0.06957506386871494,-0.043365854799840904,1.0
-0.309367944221184,-0.46815168698404863,0.33660207280475696,-0.02430570178517115,1.0
-0.33085301259567457,-0.7226550304579217,0.4727735198634493,-0.21914555111017525,1.0
0.00044306385879212167,-0.2908640756256761,0.10015953233597734,0.10729978241033201,1.0
0.19195978472330696,0.0769253109321794,-0.13073284469582874,0.046791137315458226,1.0
0.17479161045710798,0.28260159296019055,-0.2692916987404755,-0.4687419573711425,1.0
-0.7142897715170191,0.5447720556737409,-0.007472360743889243,-0.8777754381039283,1.0
-0.43735533434628876,0.04417015777130784,0.15082499414304362,-0.027784796799326175,1.0
-0.3264225160108491,-0.3795078813048624,0.31404442361971063,0.10729978241033201,1.0
-0.17594183553201462,-0.47491124002584756,0.2685888639735824,-0.0038843265248824314,1.0
0.10777466948779484,0.02118332111144187,-0.09207135446300078,0.09807210874804052,1.0
0.238551000411809,0.30543595849881294,-0.2532324821223379,-0.2799536744577806,1.0
0.09039207054713792,0.37770726996827153,-0.2909457032252307,-0.7160688799981283,1.0
-0.860510359125829,0.6748807458015987,-0.0243437419815478,-0.745115930839241,1.0
-0.4995668905582142,0.20883461239662823,0.008634827136115667,-0.14138649072319318,1.0
-0.2887774953493986,-0.10231538288402757,0.06460501801711346,0.0427072366112164,1.0
-0.0990400590732878,-0.12830807879126704,-0.01922978234434441,-0.014473222432792868,1.0
0.10665568509393505,0.1391190073403954,-0.17346631413367247,-0.024002714021665383,1.0
0.12005793726303234,0.2528552032585257,-0.2025223958856276,-0.16332093306193116,1.0
-0.07902188267704235,0.23332437868018094,-0.18454990684650313,-0.32714489600149743,1.0
-0.5228127973189816,0.2340722132272328,-0.03868212903153832,-0.3977913478861047,1.0
-0.958890103804263,0.6401754143947259,-0.0034574450282807328,-0.4357642544629279,1.0
-0.6499481688700814,0.250597178558204,0.03721621651773263,-0.11083268992302474,1.0
-0.42434785078314713,0.02268552468217032,0.0251241116949474,0.008066142579724387,1.0
-0.2098947757061104,0.01036585808568877,-0.06482814016533352,-0.05682950796658946,1.0
-0.06624586415983869,0.1697729632399387,-0.1662929370683981,-0.12202568961886713,1.0
-0.12402550375598188,0.12003833559619839,-0.12251637158762566,-0.0913186401815587,1.0
-0.30152937334033886,0.08578315702347329,-0.030987203944799584,-0.09494981399592897,1.0
-0.3286235639936951,0.15129491545113302,-0.02611254281156219,-0.19614655716993054,1.0
-0.2021130060635322,-0.07181535021164444,0.1315639746979484,0.046186331625371425,1.0
-0.4383067550872609,-0.48182326418888993,0.587954750828341,-0.10432839662151096,1.0
-0.672114852103776,-0.44862086240570387,0.6352287559824626,-0.1256521840855385,1.0
-0.40938072449979407,0.28289927467309467,-0.010531365395986033,-0.13654336585479984,1.0
-0.00513014583717925,0.11072307614117373,-0.07858919865680468,-0.08904915654757728,1.0
-0.2428820948296673,-0.3469081034770676,0.3464473375949664,0.04648931938887719,1.0
-0.5424944263784951,-0.9478693975938605,0.9459430815399892,-0.26967080788938025,1.0
-0.5279817100012781,-0.6177912016902514,0.6896147796110981,-0.11174048337661731,1.0
-0.4116669743400406,-0.0438710239524871,0.14528040875977555,0.16115673475117567,1.0
-0.13943709972877408,0.2029753650231248,-0.0688387607795888,-0.18329004936711824,1.0
-0.024560855426648303,-0.08579041755305632,0.07707754610261387,0.0858192367983903,1.0
-0.27561380838102273,-0.6305624732267971,0.5106708167386236,0.11002199293418499,1.0
-0.5071356555572911,-0.9069998765709971,0.8304662137287058,-0.05501392105940432,1.0
-0.424802260689283,-0.4810681691122551,0.4826187846536587,0.21288692356285535,1.0
-0.26246432172221357,0.02253523171980164,0.04314289857982753,0.16598816125032173,1.0
-0.322020420045157,0.23933609717492796,-0.1258576257572208,-0.28827121499263003,1.0
-0.07216029309438945,0.20823198844123691,-0.1010073964992135,-0.2645235254205564,1.0
0.020347623578194005,-0.07903086451125746,0.055998081149525314,0.057077513394632795,1.0
-0.1289160903707701,-0.5737706108283538,0.37823108760891155,0.03998385625043869,1.0
-0.28460260433677453,-0.6801373692197109,0.5206164864955319,-0.012052829835520928,1.0
-0.1328964371423297,-0.3703450929710813,0.25305956245746736,0.16220958798343513,1.0
-0.05794294315616081,0.03936223508142684,-0.02941028816225443,0.07704545986289511,1.0
-0.1160449297794692,0.24549302626133554,-0.2046253221326015,-0.40429564118761846,1.0
-0.6871813805540962,0.4846766523150199,-0.013542398786215515,-0.7694602372429283,1.0
-0.1816503599778475,0.15520108036680197,-0.026542610752256324,-0.1634730118621464,1.0
-0.09373340338819387,-0.23422468434847638,0.21228956792396,0.13846189841136147,1.0
-0.25153008335581717,-0.7817049175566867,0.5699878398429221,-0.11748672235090428,1.0
-0.42687550588602835,-0.8885218287821914,0.6668674766000647,-0.2527198708500035,1.0
-0.1565158120447026,-0.4239786250009076,0.25458794917277466,0.08037364591375963,1.0
0.016764885474503347,0.028394479093305065,-0.054789316911543234,0.050119323366322736,1.0
0.016594481759702365,0.2711807799260878,-0.24754844539643228,-0.511698369247327,1.0
-0.38715724002783264,0.2847071465392686,-0.0274507178955119,-0.42548138789452755,1.0
-0.1756436290311129,-0.12274651313066777,0.14045539230451712,0.060405699445497306,1.0
-0.26183950810127665,-0.6278542956923279,0.4283722123676607,-0.07800706581502538,1.0
-0.2634725437014527,-0.6972649585060735,0.43377176835458575,-0.11431178493717976,1.0
0.023228866389287287,-0.24383762551640517,0.07669266039693431,0.15873517231697903,1.0
0.214098067337868,0.1422773377090125,-0.17059919452904493,-0.014322313469502352,1.0
0.09640022152482924,0.2991265582911618,-0.2548612738043442,-0.4844762640087972,1.0
-0.5670751622385368,0.4235284721667599,0.030524783292613544,-0.5776537750637561,1.0
-0.339358998026157,-0.05694215536081202,0.16812811673750797,0.08914742284925482,1.0
-0.25526476477187204,-0.49143620535681876,0.3723518190033134,0.10518237757656583,1.0
-0.100633333806677,-0.403699965875511,0.22581634815980012,0.10563627430336212,1.0
0.14475795572343478,0.08007638077121346,-0.12829523522652475,0.06948246414449825,1.0
0.25383053350563045,0.3470533140687282,-0.2864999944219463,-0.3785826255819939,1.0
0.03881086607688048,0.35411780935301423,-0.27440677398842,-0.6808216934559322,1.0
-0.7336021925277971,0.583986175951674,0.0024691254727400515,-0.526227743852507,1.0
-0.38380596697007996,0.11854266650209468,0.0466314133672479,-0.010691490606209495,1.0
-0.21164141378282048,-0.1610603277403054,0.08955007418811428,0.10457640204955429,1.0
-0.0021161301316368697,-0.07436960451895361,-0.05244709216060332,0.07598675744601202,1.0
0.12637139489640875,0.164363868700583,-0.17317625534098643,-0.013868416742706068,1.0
0.1510486928615044,0.2683273917999579,-0.23201356582661178,-0.22670269764394843,1.0
-0.12029082233992701,0.2274651313066775,-0.16796635318004843,-0.34379167544044364,1.0
-0.5622470569858423,0.2925194763706065,-0.01999453350736861,-0.455733370768115,1.0
-0.8352338080970166,0.5560403975866001,0.031002822495174984,-0.34106595540581647,1.0
-0.5360190852160578,0.18268944536814516,0.04648805738701652,-0.03625675580824033,1.0
-0.34361909089618153,-0.01772876113583725,0.039127815522607856,0.048909711986149136,1.0
-0.11862228596583407,0.058442906825623864,-0.09154143936097818,-0.02249011487798601,1.0
-0.0432143820735292,0.19260732877856113,-0.1548244586498879,-0.07679628459792705,1.0
-0.08556254526348675,0.12514974842264995,-0.11993373272197866,-0.09010902880138509,1.0
-0.29904431916615787,0.08578315702347329,-0.029744413579213945,-0.09676423106618938,1.0
-0.2902685278539072,0.08909395851333397,0.010355098898892199,-0.12762920848833673,1.0
-0.2218230357421792,-0.16061017490615767,0.23757488537099639,0.032722678458622874,1.0
-0.4587410005538121,-0.5237383014717093,0.6494695270926069,-0.11068178095973422,1.0
-0.6876641910793656,-0.3625327631397434,0.5804076441647981,-0.06212302005100489,1.0
-0.32869456554152887,0.26622909875046286,-0.038873456273637,-0.14592545799115605,1.0
-0.016637082688402607,0.04386957184657049,-0.021524035833417006,-0.006909641795933647,1.0
-0.28494341176637655,-0.487834982683637,0.5029284781953881,0.011696614491939825,1.0
-0.5248576418965933,-0.9930879758369575,0.9805939511585618,-0.3062750052642662,1.0
-0.5113815481177489,-0.4747587689046039,0.5870009036447004,-0.05728340469338574,1.0
-0.37326933727155254,0.013070405355366622,0.10015953233597734,0.11380407571184578,1.0
-0.11729597705229974,0.2149915414830358,-0.07175608286756585,-0.17134601436559743,1.0
0.04516124451513043,-0.07211593613638179,0.06106295391412029,0.10366977843288647,1.0
-0.20525127447778363,-0.6126797888637997,0.4935629260238518,0.1133501789850495,1.0
-0.44621632751593987,-0.9465189390914174,0.8744882135725204,-0.07740226012493859,1.0
-0.36030445463711114,-0.5052602536829036,0.49116994098419187,0.1788563674223813,1.0
-0.1939762286817853,0.01337099128010397,0.050503140444236205,0.18490442432324936,1.0
-0.24231408244699734,0.2402364028432234,-0.12734138804288408,-0.2571067593177511,1.0
-0.05959159909686032,0.21123784768861043,-0.09961846112654374,-0.2581713109192579,1.0
0.05344570511637154,-0.05979626953990024,0.043811707219117105,0.08718092697877916,1.0
-0.07860581360673663,-0.5752735404520406,0.37459977464663036,0.08702884817856392,1.0
-0.22721915337754364,-0.6957620288823868,0.5245824826801433,0.009578858707096231,1.0
-0.05255960579940643,-0.40324981304136326,0.2663464863839709,0.1809737722561475,1.0
0.0172192953806393,0.016225105459192195,-0.026399254772024948,0.11350225778526474,1.0
-0.03843739793527499,0.23723054359584989,-0.1983667458750293,-0.36133922931143403,1.0
-0.7269138467218585,0.4827235698571854,-0.002788301705768823,-0.7628038651411994,1.0
-0.19803751721787538,0.1679650913737648,-0.024821781184109243,-0.1743641936314078,1.0
-0.09923034322148223,-0.24519534454843137,0.2298771712574049,0.1759785685875389,1.0
-0.21016458158787862,-0.7641271754361764,0.5532090542967748,-0.05879600383706512,1.0
-0.3784240496442822,-0.9302916554733504,0.706678045896226,-0.22322828197749234,1.0
-0.08901322048820665,-0.45748596902658084,0.266870823432288,0.12938396387543577,1.0
0.07355760355575752,0.018779359766501368,-0.04690306458270581,0.11244238553145693,1.0
0.0914159128669005,0.27328633350516585,-0.24955096667670718,-0.4735850822395359,1.0
-0.42346743159000866,0.30484059507300465,-0.03289936075504535,-0.4637467537025339,1.0
-0.2077221283423979,-0.11403387763103441,0.13586465410488974,0.05828829461173113,1.0
-0.24283949390096704,-0.6382223319368915,0.44476611220812834,-0.05319833415221918,1.0
-0.2211272205734085,-0.7173984070398096,0.45231321887167136,-0.12641257808661474,1.0
0.10569006404339616,-0.2738889574605572,0.08997958432343788,0.18429610912238834,1.0
0.2865196461282856,0.13055884296200565,-0.16500440666242736,0.02455487705013921,1.0
0.16529160335695317,0.28410452258387725,-0.2540468779633411,-0.4523993355326268,1.0
-0.6200849178512091,0.4406560614531224,0.03191092963843056,-0.6395264500128682,1.0
-0.3680578236605558,-0.07662036868969223,0.21725961377556144,0.09096300975643995,1.0
-0.25625878644154443,-0.4947397463170964,0.3738355812889767,0.13664865117802577,1.0
-0.10205478479430852,-0.41496830778837007,0.21362830081328024,0.11970941250789642,1.0
0.20417205095071073,0.048527201574082815,-0.11305041444939032,0.12015395053929481,1.0
0.31159739282316357,0.3303758776165134,-0.2775639523857336,-0.318827355466648,1.0
0.10474148336433735,0.35231719801642336,-0.2676684851121747,-0.6628179031842961,1.0
-0.800471450277616,0.5899978944464209,0.00729665205216596,-0.5865796307994665,1.0
-0.42874994674883915,0.1290559133383189,0.041135357051217694,-0.05304742518892866,1.0
-0.2372303716221014,-0.15174506828528073,0.08835637069513706,0.08324793523782785,1.0
-0.018020192840203918,-0.08353239285273469,-0.05306848734339615,0.06766687723731313,1.0
0.17321537609519888,0.152340431711089,-0.1782411281055814,0.015024215624341966,1.0
0.2059186890274208,0.26186552047106315,-0.22622912413400717,-0.18677616340282166,1.0
-0.05801820479686457,0.22490942489345175,-0.1651494360587704,-0.3145925457991156,1.0
-0.5531304582439898,0.27704002729959126,-0.01746153931970057,-0.4468075150324045,1.0
-0.9042615129009812,0.5815829406596917,0.023689994087263074,-0.3767693783486582,1.0
-0.5883046250408259,0.20147243539943804,0.038076352399120904,-0.08420954118995813,1.0
-0.38147711620113317,-0.007061954098931977,0.034395952564231294,0.007158466109824292,1.0
-0.149884267477031,0.057691442013780486,-0.09464841527494228,-0.05471093329589855,1.0
-0.04239928430439784,0.17983605724201523,-0.16461952095674778,-0.07740226012493859,1.0
-0.07092770622399569,0.12875823162541478,-0.1253332887089037,-0.07967057392199528,1.0
-0.28231635449652803,0.07256536291757121,-0.015932036993652175,-0.08194005755597669,1.0
-0.2753298021896878,0.11403387763103441,0.0025647333132523403,-0.1312557029550081,1.0
-0.2041294500220105,-0.1352201029543095,0.22457244218347336,0.06448960014973913,1.0
-0.4526348674401102,-0.5500286790918529,0.6619922576614569,-0.06772068973585083,1.0
-0.6640774768889962,-0.4112073534643617,0.6118567109564131,-0.03912987529538383,1.0
-0.28805327956149446,0.27929805199991287,-0.03538438368084608,-0.13745583865609134,1.0
0.03782536459294813,0.05318483130159514,-0.037869964412017364,0.004133033855080602,1.0
-0.24976924496954034,-0.46920446377358765,0.4728683467764428,0.03741255468987623,1.0
-0.5109981397594467,-0.9917375173345144,0.9820275109608756,-0.29160525022811823,1.0
-0.47687479587055004,-0.5256913839295438,0.6382353269297277,-0.06681289628225826,1.0
-0.3355391147527016,-0.007662762921927526,0.10785724644956883,0.1328700779111392,1.0
-0.309595149174252,0.24534055514009195,-0.06836462621462121,-0.31142228773309005,1.0
-0.05815168770679201,-0.011269067965817427,0.0033772326159956273,-0.010388970777473621,1.0
-0.3254426946507434,-0.5268966318403264,0.4439963407967692,0.1077536791371283,1.0
-0.5710512489172264,-0.9293913498050548,0.8712864107455627,-0.11189139233990783,1.0
-0.48116328935970804,-0.5964525052457327,0.5762966185838437,0.11486277812872886,1.0
-0.28465940557504155,-0.03590840115878052,0.07435545589432935,0.1935261224585293,1.0
-0.2422998821374306,0.2029753650231248,-0.13264611711681562,-0.27480639198895673,1.0
-0.23268627256074184,0.24383762551640517,-0.09651148521257963,-0.4170000701902155,1.0
-0.05913718919072436,0.02358728245638237,-0.018751743141782972,-0.042156243419667304,1.0
-0.2254583149912668,-0.4797177106098119,0.3236498321005835,0.03695865796307995,1.0
-0.36865423666235925,-0.6787869107172677,0.5463257360241864,-0.03277649095716057,1.0
-0.216242314082447,-0.4704024511547873,0.321117395718286,0.10215600945228236,1.0
-0.07536388293264794,-0.007061954098931977,-0.012156252440398498,0.1219671977726305,1.0
-0.0696965393845586,0.2065765876963066,-0.20324196481363724,-0.36269624014412394,1.0
-0.9339969611337527,0.493839440648801,0.047682876490734855,-0.8814019325705996,1.0
-0.3496258218429162,0.20071734032280314,-0.03490634447828464,-0.33425750450387215,1.0
-0.19873333238664603,-0.13912626786997845,0.14031036290817409,0.07008726983458506,1.0
-0.3297453884494682,-0.6774364522148245,0.5150216986289144,-0.09343604501532488,1.0
-0.5296715468397212,-0.9418576790991136,0.7241261978870334,-0.31398423059825464,1.0
-0.2412348589199245,-0.5166810667170063,0.3229804656559233,0.019563182892304812,1.0
-0.0378495051192116,-0.046875431093943994,-0.023435634838292224,0.10427458412297327,1.0
0.04732253163118956,0.24038161343488396,-0.25146423909769405,-0.4693385742027561,1.0
-0.5977052299740135,0.34329962027430283,-0.02740274663364459,-0.6101752415713251,1.0
-0.3286235639936951,-0.04973027132599052,0.11062953914120287,-0.052442619498841866,1.0
-0.35266468809020035,-0.5408658907580719,0.38468489574617626,-0.07543576425446293,1.0
-0.3920847474474944,-0.7630743986466373,0.5033579883307117,-0.2286680236774994,1.0
-0.05115661521421167,-0.3230209611489062,0.1175128574137912,0.11032498069769076,1.0
0.14366453188679515,0.06550449789807669,-0.13111773040150831,0.04996841440303222,1.0
0.13732835375811195,0.2789931097574257,-0.2750761404330801,-0.4834117124072904,1.0
-0.7391119126396957,0.527041842431987,0.003950768097995248,-0.8540277485318547,1.0
-0.4714928785447523,-0.0019538085107927775,0.16521079464953092,-0.05259352846213238,1.0
-0.36423794038710045,-0.4203774023277258,0.3353637448821358,0.00549449006808451,1.0
-0.2265091378992062,-0.4771620041965861,0.26601180316164086,-0.11037879319622845,1.0
0.10009798213601057,0.01246923350589192,-0.09961846112654374,0.042253339884420114,1.0
0.24610556510131923,0.2871103818312508,-0.2644666822852171,-0.2926581034603776,1.0
0.09681771062609165,0.3521647268951797,-0.29080067382888763,-0.7141035539645774,1.0
-0.8997884153874556,0.674125650724964,0.0007962671664602787,-0.7936641632156477,1.0
-0.5403643799434827,0.17623483456883343,0.03798096768075683,-0.127172972087691,1.0
-0.3121086039675665,-0.1543007746985065,0.09566919910304897,0.05284270372710045,1.0
-0.12478380028684626,-0.16061017490615767,-0.0028839095462811115,0.011696614491939825,1.0
0.10517743286803653,0.12559990125679768,-0.17829133058893093,-0.017044523993355327,1.0
0.1395833629173116,0.24849888550870902,-0.22140410767874874,-0.20022928803724763,1.0
-0.04954488007838571,0.23182144905649418,-0.1899550408871337,-0.3723824898809106,1.0
-0.5474503344172903,0.2557085913846556,-0.021428093309682386,-0.45165063990079785,1.0
-0.9883273455361328,0.6529466859312718,0.01217131318540335,-0.5348494419877869,1.0
-0.6739750926570199,0.22656482563838207,0.05996407733413658,-0.1516810556608409,1.0
-0.45513412192385794,-0.010367310191605377,0.05442228097772126,0.0053432301537165725,1.0
-0.2492012325868704,-0.005860046031757557,-0.04226714414806386,-0.043365854799840904,1.0
-0.08461538461538462,0.1801409994845024,-0.1599395338978324,-0.10508411127488829,1.0
-0.12715241192257992,0.14723627941422046,-0.1319321262425115,-0.14910741442642897,1.0
-0.29471322474829953,0.09269518118651575,-0.03581445162154021,-0.14789078402470696,1.0
-0.4654577469788842,0.1308565246749098,0.010068386938429444,-0.2799536744577806,1.0
-0.31500546711918326,-0.09104704097116845,0.16726351841315532,0.04255632764792588,1.0
-0.5097201118984395,-0.4771620041965861,0.5870957305576938,-0.019163098664046235,1.0
-0.7167890260007669,-0.4212777079960212,0.6271963586465411,-0.04563533843382233,1.0
-0.5075332642251601,0.2863552867546159,-0.0044133560917924515,-0.24804052315107272,1.0
-0.10438647562516863,0.12605005409094538,-0.08332496625277509,-0.13549051262254042,1.0
-0.32116840147115205,-0.34435239706384185,0.3541450517085579,0.013057719753866312,1.0
-0.6026611380128086,-0.9484720215492518,0.9544942378705222,-0.3277532112023584,1.0
-0.5711080501554934,-0.6029143765746274,0.7003246427256602,-0.17663367726538923,1.0
-0.4288635492253731,-0.04882923960473677,0.15091982105603713,0.10034159238202195,1.0
-0.35416992090427574,0.25736399212958594,-0.07653647489318029,-0.33320465127161275,1.0
-0.11803439314977067,0.002853896363200732,0.0029948570344835285,-0.027029082145948857,1.0
-0.3644509450306017,-0.4996986880223043,0.4206744982540692,0.08279403851103156,1.0
-0.6250692265091379,-0.9393019726858877,0.8732945100795432,-0.19660279357057628,1.0
-0.5335482313514435,-0.602014070906332,0.574718029385187,0.04452282351840153,1.0
-0.35110265403785806,-0.029147396011065047,0.0828619877952185,0.13089305350834093,1.0
-0.28010110620411527,0.20928476523077594,-0.12877494784519788,-0.2775321120235839,1.0
-0.28612203746041664,0.26772476784456656,-0.10813057108113837,-0.4552771343674692,1.0
-0.11651780008804193,0.047324857875133415,-0.027259390653413214,-0.061669123324208604,1.0
-0.25398673691086465,-0.4609419811081021,0.3132300277787075,0.049816335602816966,1.0
-0.4137686201559194,-0.6876520173381446,0.5447973493088791,-0.0704429002597038,1.0
-0.26047627838286874,-0.4785197232286123,0.31476399254772025,0.06433869118644861,1.0
-0.12402550375598188,-0.0024045421873071424,-0.01124814529714292,0.06524648464004118,1.0
-0.09989349767824938,0.21469385977013164,-0.2005142965516472,-0.36799560141316306,1.0
-0.9569162607744849,0.5073585467323987,0.03783761170052546,-0.8877541470718983,1.0
-0.39367518211897023,0.23797837814290174,-0.05216038020014057,-0.36799560141316306,1.0
-0.23630735150026272,-0.09930952363665406,0.11139373249885651,0.061162583935799354,1.0
-0.34576333764076056,-0.6715772048413212,0.5015897453060678,-0.05849301607355934,1.0
-0.5386177418667728,-0.9227770073549165,0.7137510179948013,-0.33047893123698563,1.0
-0.277630252339501,-0.5064655015936863,0.3089293483717661,-0.015078028122879672,1.0
-0.09809289842518566,-0.03635855399292825,-0.019755792808773164,0.055564914250953425,1.0
0.0035519234319308164,0.24684348476377868,-0.24725838660374622,-0.4989939402447299,1.0
-0.6243450107212337,0.3601295278477612,-0.03619710610573759,-0.6401230668444818,1.0
-0.34875960295934455,-0.01772876113583725,0.07832145207894062,-0.05365223087901547,1.0
-0.37204811064881216,-0.4977456055644699,0.3467820208172964,-0.07286329285697574,1.0
-0.4212095823688957,-0.7497005031547,0.48997623749121466,-0.2472801291499965,1.0
-0.10152369321651213,-0.32271601890641904,0.12406149246404945,0.05828829461173113,1.0
0.08527285894832508,0.07256536291757121,-0.12342001628791684,0.01139409466320395,1.0
0.0875477485409182,0.2827540640814341,-0.2637024889275634,-0.5141199316815236,1.0
-0.7726956447650559,0.5253937022166397,0.006101275143077079,-0.884888046606303,1.0
-0.5083426818704648,0.033352694745554745,0.13084440576993875,-0.05350132191572495,1.0
-0.39432839635904066,-0.4136105887563439,0.3301036402378483,0.04406892679160525,1.0
-0.2606608824072365,-0.4905358996885233,0.282165846692772,-0.06439250368498632,1.0
0.04271595120773634,0.012619526468260594,-0.0978502181018999,0.057229592194848036,1.0
0.1903267491231309,0.3000268639594572,-0.2622689291252497,-0.30400552163028477,1.0
0.03816617202255009,0.3620826103055957,-0.28731439026294947,-0.7476778737044056,1.0
-0.9263571945868421,0.6971124873848299,-0.014163793969008333,-0.8146978311223416,1.0
-0.5776543928657645,0.1811865157444584,0.044385131140042625,-0.12913829812124192,1.0
-0.36409593729143297,-0.12379928992020679,0.08381583497885918,0.038320348143468796,1.0
-0.1904829525283651,-0.13912626786997845,-0.008667179847607573,-0.014019325705996585,1.0
0.0339018190596555,0.15159259716403714,-0.1869875163158071,-0.07785615685173487,1.0
0.08821232302864203,0.2669769332975147,-0.2274228276269844,-0.24228492548138789,1.0
-0.11054656991522416,0.24699595588502227,-0.19444537412006205,-0.41609929575817134,1.0
-0.5856775677709773,0.2752394159630004,-0.03643584680433303,-0.48901523127676005,1.0
-1.0,0.6679687216385563,0.014465566674475943,-0.5478580285908144,1.0
-0.702375711790517,0.2593170745874204,0.046153931970057016,-0.17497250883226878,1.0
-0.5021087459706621,0.02208435283269562,0.03664223479143658,-0.03459207786434571,1.0
-0.29340679626815863,0.012318940543523244,-0.05608175195510783,-0.09706721882969514,1.0
-0.12599650672384657,0.20387567069142024,-0.17532938407130985,-0.14078987389157951,1.0
-0.15536558696979597,0.16751493853961708,-0.14077334136573066,-0.16907653073161602,1.0
-0.34731117138353623,0.1182377242596075,-0.049388645313877086,-0.1731592615989331,1.0
-0.5042529927152413,0.1376233382462917,0.010403070160759509,-0.28554549495800285,1.0
-0.32392326152710127,-0.06220023088484074,0.15163938998404677,0.005191970239348634,1.0
-0.5119637608099857,-0.43374403729008,0.5629148677443466,-0.09691630986640462,1.0
-0.7196148876045497,-0.3766544931787325,0.5816013476577753,-0.10145410729744274,1.0
-0.5567089362548103,0.29567054620964056,-0.013207715563885449,-0.24743220795021176,1.0
-0.16054869996165919,0.1340148550435269,-0.07572207905217712,-0.1615076858285955,1.0
-0.34877380326891133,-0.33083329098024417,0.3599741178308065,-0.006607121967197773,1.0
-0.6358188608511666,-0.9460687862572696,0.952921226725571,-0.3549870148101355,1.0
-0.5958165888016359,-0.5940492699537505,0.6765677119939311,-0.18737278023443532,1.0
-0.47997046335610116,-0.051382767859087644,0.14126421009181478,0.08400364989120518,1.0
-0.34599054259382855,0.26156783875815903,-0.07901870879212826,-0.3386443929716198,1.0
-0.11031936496215618,0.009464826364435023,-0.0017368385822818704,-0.04139935892936525,1.0
-0.38458698399625113,-0.49564731251497485,0.42024498811874567,0.06902856741770197,1.0
-0.6465542948836285,-0.913766690142379,0.8613463190423598,-0.1752766664326993,1.0
-0.5523068402891184,-0.5686591980019023,0.5478094983098498,0.055564914250953425,1.0
-0.3562005651723208,-0.01652714348984615,0.08300143913785603,0.14118761844598865,1.0
-0.3074651027392397,0.21934785923285247,-0.13460959202115197,-0.283580168924452,1.0
-0.2694366737194871,0.2546558145951166,-0.09952363421355022,-0.4502819306988606,1.0
-0.08810298064497807,0.04056457878037624,-0.021524035833417006,-0.07770407805151962,1.0
-0.2611010920038057,-0.45748596902658084,0.31519350268304386,0.022890199106244593,1.0
-0.42600928700245666,-0.6648176517995222,0.5341878911610161,-0.08541915257013173,1.0
-0.27145311767796537,-0.4472704039032607,0.3127056907303904,0.05677569546805175,1.0
-0.14271311114582297,0.006159179850578302,-0.013733168222943652,0.05344750941718725,1.0
-0.12472699904857927,0.236475448519215,-0.2051496591809186,-0.38539107648393817,1.0
-0.9444625892844464,0.49323681669340963,0.03826767964121959,-0.8877541470718983,1.0
-0.3615824824981185,0.2258097305617472,-0.04642502538014436,-0.35513909361035073,1.0
-0.20415785064114397,-0.1039707836289579,0.11794236754911476,0.049211529912730166,1.0
-0.34867440110194403,-0.656402698012793,0.4943271193815054,-0.10175592522402377,1.0
-0.5596484003351273,-0.9350981260573147,0.7284770797773241,-0.3875084813177043,1.0
-0.30162877550730605,-0.5007514648118434,0.3123263830784163,-0.05516483002269484,1.0
-0.10554238082390197,-0.023888594434078023,-0.023865702778986357,0.027277087573992186,1.0
-0.01015364734951222,0.27163093276023553,-0.2533273090353314,-0.49748485061182474,1.0
-0.6011417048891666,0.35697119747914413,-0.0274507178955119,-0.6224351325425237,1.0
-0.33619232899277207,-0.03170165031837423,0.09438066869707822,-0.050324044828150956,1.0
-0.3624771020008236,-0.5345564905504208,0.3863081093744771,-0.0781579747783159,1.0
-0.44001079223527073,-0.7594659154438725,0.5004462442964401,-0.2740576963571278,1.0
-0.12753156018801212,-0.32572187815379255,0.12276738400437319,0.05934699702861422,1.0
0.07985118075574049,0.07271420377402328,-0.12676684851121747,-0.0007075875622938163,1.0
0.07659078967921501,0.2827540640814341,-0.26867253477916486,-0.5079197959804403,1.0
-0.7527868107524744,0.5366620441294988,0.0016566261699967647,-0.865527245501977,1.0
-0.47646298689311434,0.025840950838954196,0.14766781574573,-0.044273648253433474,1.0
-0.3963022393888187,-0.4148158366671265,0.33206153708847913,0.05374932734376828,1.0
-0.2837647860723364,-0.4797177106098119,0.269163403505249,-0.049114433447977356,1.0
0.021901137444796298,0.008563068590222971,-0.09383959748764462,0.06963337310778878,1.0
0.17153973956632254,0.2958230173308841,-0.26571058826154376,-0.30566669006340513,1.0
0.04191931384104174,0.3547204333084055,-0.2872139852962505,-0.7290774666011559,1.0
-0.9123272887348944,0.6920083350879613,0.001274250588484666,-0.8015371657190988,1.0
-0.56706096192897,0.1903565646078225,0.03506531900889142,-0.13564259142275567,1.0
-0.3775862313798441,-0.11658958404426019,0.07612369891897319,0.01926019512879905,1.0
-0.20013916303375415,-0.1543007746985065,-0.00579950243760947,-0.02249011487798601,1.0
0.015665781514037008,0.14333011449855151,-0.18780191215681025,-0.07634238787113076,1.0
0.07437270132488888,0.26457369800553254,-0.2272833762843469,-0.2329028333450317,1.0
-0.10904985728688886,0.25119980251359536,-0.19191293773776455,-0.4009733043213776,1.0
-0.5637238891807842,0.2672746150104189,-0.03347278467597086,-0.46949065300297144,1.0
-0.9991905823546955,0.6747282746803552,0.009256222318908488,-0.5310591703516531,1.0
-0.7021627071470159,0.23963377888783208,0.059294710889476444,-0.16892445193140077,1.0
-0.5102597236619759,0.01667598434629822,0.039749210705400675,-0.03897896633209331,1.0
-0.30777750954970823,0.009013947477328997,-0.05837433202806877,-0.10084930160735593,1.0
-0.13642237400775337,0.1957656591471782,-0.17418030500797663,-0.15349430289417657,1.0
-0.15339174394001792,0.1597026087082792,-0.14425962493166886,-0.14925949322664422,1.0
-0.33054060578520617,0.10441367593352259,-0.04580363019735154,-0.15046442525911888,1.0
-0.5288763295039832,0.13821870167209996,-0.0019758024030255366,-0.29357057626166916,1.0
-0.36528876329503984,-0.06941211491966225,0.15101464796903066,-0.019464916590627268,1.0
-0.558029565044518,-0.4415563671214178,0.5631491459999778,-0.11870335275262628,1.0
-0.7518069893923688,-0.373648633931359,0.5763914454968373,-0.13079946655436234,1.0
-0.5531446585535565,0.29326731091765834,-0.01684014413690775,-0.2554455908846307,1.0
-0.1738685903352693,0.12695035975924085,-0.08256077289512144,-0.16589457429634308,1.0
-0.37497337441956236,-0.320617725856924,0.3337349532001294,-0.01628880933997801,1.0
-0.6580139447039945,-0.92578286660229,0.932460925733793,-0.37631314194801246,1.0
-0.6090086763891454,-0.5709172227022239,0.660369044033156,-0.22201165157577035,1.0
-0.4751139574842732,-0.0366591399176656,0.14685899795843235,0.06282609204276925,1.0
-0.15887306343278285,0.24218948530105788,-0.07505271260751699,-0.22897218127792987,1.0
0.07943511168543475,-0.02253668382571825,0.010211742918660822,0.05223672820008891,1.0
-0.21411226764743474,-0.5314054207113867,0.44056025971418056,0.14376125968040057,1.0
-0.49786285341020436,-0.9124089711103529,0.8456664100761963,-0.08799045413069419,1.0
-0.41888073159994893,-0.6006636124038888,0.5725649006548635,0.1360403359771648,1.0
-0.2276167620454126,-0.028245638236852996,0.09036447002911745,0.22347394773168622,1.0
-0.17987532128200395,0.2046235052384721,-0.13532358289545612,-0.22065464074308044,1.0
-0.06998054557589356,0.22220850788856542,-0.10239075381817776,-0.33153178446924503,1.0
0.09424035443972678,-0.0033059369350400417,-0.010483394134118723,0.027429166374207437,1.0
-0.1023387909856435,-0.4906883708097669,0.3258029608309069,0.07296155915865328,1.0
-0.2835233808097017,-0.6897575709172227,0.5400671597666143,-0.015078028122879672,1.0
-0.1382045128583803,-0.46589366228372703,0.3125160369044033,0.12076226574015583,1.0
-0.0035946663637267296,-0.012620978574177202,-0.006324955096667671,0.1426967080788938,1.0
0.008878743556609534,0.21274077731229715,-0.1978368307730067,-0.31277929856577996,1.0
-0.7845671035628577,0.4592865803631717,0.05007307250354207,-0.7749116773121828,1.0
-0.18379460672242656,0.19411025840224788,-0.04690306458270581,-0.2377459582134251,1.0
-0.034133284105593506,-0.12950606617246663,0.11909144661244798,0.14527034931330574,1.0
-0.19834992402834384,-0.7020786896196209,0.5279739393330879,-0.04079455323927844,1.0
-0.42135158546456314,-0.9646993051673189,0.7515144415810436,-0.3073278584965256,1.0
-0.15627440678206786,-0.5264464790061787,0.3354585717951292,0.043161133338012685,1.0
0.03185413442013036,-0.037861483616614997,-0.02252752769503665,0.14057930324512763,1.0
0.12838073870010366,0.24473793118470064,-0.250939902049377,-0.4324302192274397,1.0
-0.4063986594907769,0.3281251134457748,-0.03242132155248391,-0.4986897826442994,1.0
-0.1538319535365871,-0.022686976788086927,0.0714827582359963,0.048303736459137596,1.0
-0.22267505431618412,-0.5259963261720311,0.36556890569742406,-0.014927119159589154,1.0
-0.2917453600488491,-0.7890670945538768,0.5295023260483952,-0.16513418029526683,1.0
0.03331392624359211,-0.3278274317328706,0.11822684828809532,0.1690180388853794,1.0
0.22450689425029466,0.06310053655313619,-0.12906500663788392,0.09640860064107064,1.0
0.22030360261853707,0.27599451103963524,-0.27412229324943943,-0.43848997449755506,1.0
-0.5890146405191633,0.517131219551154,-0.004652319912536119,-0.7507077513394633,1.0
-0.3212820039476861,-0.007212247061300652,0.15689391657462878,0.05692660443134227,1.0
-0.24820721091719802,-0.422780637619708,0.32742617445920774,0.1417842352776023,1.0
-0.13621362945712218,-0.4873848298494892,0.27810502359516714,0.03847125710675932,1.0
0.1910083639823348,0.017126863233404243,-0.10478373885783773,0.15509697948106035,1.0
0.31636869683759106,0.29732594695457093,-0.26795296585115524,-0.24697597154956602,1.0
0.17852629187316285,0.35381286711052706,-0.29486149692649244,-0.6871739079572309,1.0
-0.764786072336377,0.6622619453862965,-0.023388221381795464,-0.6923211904260547,1.0
-0.4229704207551725,0.17022311607408644,0.029377935450762522,-0.046995858777286445,1.0
-0.22508910694253134,-0.15655153886924514,0.0952843133973694,0.10548419550314686,1.0
-0.03108163757969924,-0.16000755095076638,-0.005321463235048027,0.06600336913034323,1.0
0.18720268101844623,0.1380734910804394,-0.18469493624284616,0.007612245852928102,1.0
0.2115278113062865,0.24894903834285673,-0.2248457668150429,-0.16680704709763458,1.0
0.016460998849774925,0.23392700263557226,-0.19133839820609794,-0.33290049367118224,1.0
-0.481731301742378,0.2436924149247446,-0.040164217901089955,-0.4121686436910695,1.0
-0.875193479217847,0.6323630845633881,-0.012060309916663878,-0.42517723029409704,1.0
-0.5791738259894066,0.21229062447814945,0.048543570177493674,-0.07649446667134602,1.0
-0.3677738174692209,-0.028395931199221673,0.052128027488648664,0.05027023232961325,1.0
-0.1436503315772284,-0.0138225962201683,-0.05053549315572811,0.00035130202849722753,1.0
0.009390522713395152,0.18088883403155429,-0.16400035699543716,-0.07271238389368523,1.0
-0.035138666022919304,0.14062193696408218,-0.1377611923647601,-0.09419292950562692,1.0
-0.22339927010408828,0.07722299264508355,-0.03973359215502527,-0.09812592124657823,1.0
-0.3076923076923077,0.11568201784638171,0.002516929392996196,-0.19629863597014577,1.0
-0.16567501171525542,-0.10336815967356659,0.163107868402557,0.07734844762640089,1.0
-0.40316098890955826,-0.4813731113547422,0.5848533529680824,-0.04926534241126787,1.0
-0.6396671447437554,-0.4220255425430731,0.6072659727567857,-0.061821202124423866,1.0
-0.34222746055864023,0.27178340388147915,-0.022432142976672582,-0.15152897686062564,1.0
0.057673137274392584,0.09795906513421089,-0.08088735678347111,-0.06545120610186941,1.0
-0.1971996989534372,-0.35411780935301423,0.36131285072012675,0.03998385625043869,1.0
-0.5325542096817711,-0.9771656344613777,0.9813581445162155,-0.324875412367516,1.0
-0.5060564320302182,-0.6086284133564702,0.6912881957227485,-0.15000818885847314,1.0
-0.36095766887718156,-0.047777188868156045,0.14972611756305992,0.13981890924405138,1.0
